millis,stamp,datetime,motion
999, 2047401165, 2115/165/0 1:1:1, Active
1999, 2047401165, 2115/165/0 1:1:1, Active
2999, 2047401165, 2115/165/0 1:1:1, Active
3999, 2047401165, 2115/165/0 1:1:1, Active
4999, 2047401165, 2115/165/0 1:1:1, Active
5999, 2047401165, 2115/165/0 1:1:1, Active
6999, 2047401165, 2115/165/0 1:1:1, Active
7999, 2047401165, 2115/165/0 1:1:1, Active
8999, 2047401165, 2115/165/0 1:1:1, Active
9999, 2047401165, 2115/165/0 1:1:1, Active
10999, 2047401165, 2115/165/0 1:1:1, Active
11999, 2047401165, 2115/165/0 1:1:1, Active
12999, 2047401165, 2115/165/0 1:1:1, Active
14000, 2047401165, 2115/165/0 1:1:1, Active
14999, 2047401165, 2115/165/0 1:1:1, Active
16000, 2047401165, 2115/165/0 1:1:1, Active
16999, 2047401165, 2115/165/0 1:1:1, Active
17999, 2047401165, 2115/165/0 1:1:1, Active
18999, 2047401165, 2115/165/0 1:1:1, Active
19999, 2047401165, 2115/165/0 1:1:1, Active
20999, 2047401165, 2115/165/0 1:1:1, Active
21999, 2047401165, 2115/165/0 1:1:1, Active
22999, 2047401165, 2115/165/0 1:1:1, Active
23999, 2047401165, 2115/165/0 1:1:1, Active
24998, 2047401165, 2115/165/0 1:1:1, Active
25999, 2047401165, 2115/165/0 1:1:1, Active
26999, 2047401165, 2115/165/0 1:1:1, Inactive
27999, 2047401165, 2115/165/0 1:1:1, Inactive
28999, 2047401165, 2115/165/0 1:1:1, Inactive
29999, 2047401165, 2115/165/0 1:1:1, Inactive
30999, 2047401165, 2115/165/0 1:1:1, Inactive
32000, 2047401165, 2115/165/0 1:1:1, Inactive
32999, 2047401165, 2115/165/0 1:1:1, Inactive
33999, 2047401165, 2115/165/0 1:1:1, Inactive
34999, 2047401165, 2115/165/0 1:1:1, Inactive
35999, 2047401165, 2115/165/0 1:1:1, Inactive
36999, 2047401165, 2115/165/0 1:1:1, Inactive
37999, 2047401165, 2115/165/0 1:1:1, Active
38999, 2047401165, 2115/165/0 1:1:1, Active
39999, 2047401165, 2115/165/0 1:1:1, Active
40999, 2047401165, 2115/165/0 1:1:1, Active
41999, 2047401165, 2115/165/0 1:1:1, Active
42999, 2047401165, 2115/165/0 1:1:1, Active
43999, 2047401165, 2115/165/0 1:1:1, Active
44999, 2047401165, 2115/165/0 1:1:1, Active
45999, 2047401165, 2115/165/0 1:1:1, Inactive
46999, 2047401165, 2115/165/0 1:1:1, Inactive
48000, 2047401165, 2115/165/0 1:1:1, Inactive
48999, 2047401165, 2115/165/0 1:1:1, Inactive
49999, 2047401165, 2115/165/0 1:1:1, Inactive
50999, 2047401165, 2115/165/0 1:1:1, Inactive
51999, 2047401165, 2115/165/0 1:1:1, Inactive
53000, 2047401165, 2115/165/0 1:1:1, Inactive
53999, 2047401165, 2115/165/0 1:1:1, Inactive
54999, 2047401165, 2115/165/0 1:1:1, Inactive
55999, 2047401165, 2115/165/0 1:1:1, Active
56999, 2047401165, 2115/165/0 1:1:1, Active
57999, 2047401165, 2115/165/0 1:1:1, Active
58999, 2047401165, 2115/165/0 1:1:1, Inactive
59999, 2047401165, 2115/165/0 1:1:1, Inactive
60999, 2047401165, 2115/165/0 1:1:1, Inactive
61999, 2047401165, 2115/165/0 1:1:1, Inactive
62999, 2047401165, 2115/165/0 1:1:1, Inactive
64000, 2047401165, 2115/165/0 1:1:1, Inactive
64999, 2047401165, 2115/165/0 1:1:1, Inactive
65999, 2047401165, 2115/165/0 1:1:1, Active
66999, 2047401165, 2115/165/0 1:1:1, Active
67999, 2047401165, 2115/165/0 1:1:1, Active
68999, 2047401165, 2115/165/0 1:1:1, Inactive
69999, 2047401165, 2115/165/0 1:1:1, Inactive
70999, 2047401165, 2115/165/0 1:1:1, Inactive
71999, 2047401165, 2115/165/0 1:1:1, Inactive
72999, 2047401165, 2115/165/0 1:1:1, Inactive
73999, 2047401165, 2115/165/0 1:1:1, Inactive
74999, 2047401165, 2115/165/0 1:1:1, Inactive
75999, 2047401165, 2115/165/0 1:1:1, Inactive
76999, 2047401165, 2115/165/0 1:1:1, Active
78000, 2047401165, 2115/165/0 1:1:1, Active
78999, 2047401165, 2115/165/0 1:1:1, Active
80000, 2047401165, 2115/165/0 1:1:1, Inactive
80998, 2047401165, 2115/165/0 1:1:1, Inactive
81999, 2047401165, 2115/165/0 1:1:1, Inactive
82999, 2047401165, 2115/165/0 1:1:1, Inactive
83999, 2047401165, 2115/165/0 1:1:1, Inactive
85000, 2047401165, 2115/165/0 1:1:1, Inactive
85999, 2047401165, 2115/165/0 1:1:1, Inactive
86999, 2047401165, 2115/165/0 1:1:1, Inactive
87999, 2047401165, 2115/165/0 1:1:1, Inactive
88999, 2047401165, 2115/165/0 1:1:1, Inactive
89999, 2047401165, 2115/165/0 1:1:1, Active
90999, 2047401165, 2115/165/0 1:1:1, Active
91999, 2047401165, 2115/165/0 1:1:1, Active
92999, 2047401165, 2115/165/0 1:1:1, Inactive
94000, 2047401165, 2115/165/0 1:1:1, Inactive
94999, 2047401165, 2115/165/0 1:1:1, Inactive
96000, 2047401165, 2115/165/0 1:1:1, Inactive
96999, 2047401165, 2115/165/0 1:1:1, Inactive
97999, 2047401165, 2115/165/0 1:1:1, Inactive
98999, 2047401165, 2115/165/0 1:1:1, Inactive
99999, 2047401165, 2115/165/0 1:1:1, Inactive
100999, 2047401165, 2115/165/0 1:1:1, Inactive
101999, 2047401165, 2115/165/0 1:1:1, Inactive
103000, 2047401165, 2115/165/0 1:1:1, Inactive
103999, 2047401165, 2115/165/0 1:1:1, Inactive
104999, 2047401165, 2115/165/0 1:1:1, Inactive
105999, 2047401165, 2115/165/0 1:1:1, Inactive
106999, 2047401165, 2115/165/0 1:1:1, Inactive
108000, 2047401165, 2115/165/0 1:1:1, Inactive
108999, 2047401165, 2115/165/0 1:1:1, Inactive
109999, 2047401165, 2115/165/0 1:1:1, Active
110999, 2047401165, 2115/165/0 1:1:1, Active
111998, 2047401165, 2115/165/0 1:1:1, Active
112999, 2047401165, 2115/165/0 1:1:1, Inactive
113998, 2047401165, 2115/165/0 1:1:1, Inactive
114999, 2047401165, 2115/165/0 1:1:1, Inactive
115999, 2047401165, 2115/165/0 1:1:1, Inactive
116999, 2047401165, 2115/165/0 1:1:1, Inactive
117999, 2047401165, 2115/165/0 1:1:1, Inactive
118999, 2047401165, 2115/165/0 1:1:1, Inactive
119999, 2047401165, 2115/165/0 1:1:1, Active
120999, 2047401165, 2115/165/0 1:1:1, Active
121999, 2047401165, 2115/165/0 1:1:1, Active
122999, 2047401165, 2115/165/0 1:1:1, Inactive
124000, 2047401165, 2115/165/0 1:1:1, Inactive
124999, 2047401165, 2115/165/0 1:1:1, Inactive
125999, 2047401165, 2115/165/0 1:1:1, Inactive
126999, 2047401165, 2115/165/0 1:1:1, Inactive
128000, 2047401165, 2115/165/0 1:1:1, Inactive
128999, 2047401165, 2115/165/0 1:1:1, Inactive
129999, 2047401165, 2115/165/0 1:1:1, Inactive
130999, 2047401165, 2115/165/0 1:1:1, Active
131999, 2047401165, 2115/165/0 1:1:1, Active
132999, 2047401165, 2115/165/0 1:1:1, Active
133999, 2047401165, 2115/165/0 1:1:1, Inactive
135000, 2047401165, 2115/165/0 1:1:1, Inactive
135999, 2047401165, 2115/165/0 1:1:1, Inactive
136999, 2047401165, 2115/165/0 1:1:1, Inactive
137999, 2047401165, 2115/165/0 1:1:1, Inactive
138999, 2047401165, 2115/165/0 1:1:1, Inactive
139999, 2047401165, 2115/165/0 1:1:1, Inactive
140999, 2047401165, 2115/165/0 1:1:1, Active
141999, 2047401165, 2115/165/0 1:1:1, Active
142999, 2047401165, 2115/165/0 1:1:1, Active
143998, 2047401165, 2115/165/0 1:1:1, Inactive
144998, 2047401165, 2115/165/0 1:1:1, Inactive
145999, 2047401165, 2115/165/0 1:1:1, Inactive
147000, 2047401165, 2115/165/0 1:1:1, Inactive
147999, 2047401165, 2115/165/0 1:1:1, Inactive
149000, 2047401165, 2115/165/0 1:1:1, Inactive
149999, 2047401165, 2115/165/0 1:1:1, Active
150999, 2047401165, 2115/165/0 1:1:1, Active
151999, 2047401165, 2115/165/0 1:1:1, Active
152999, 2047401165, 2115/165/0 1:1:1, Inactive
153999, 2047401165, 2115/165/0 1:1:1, Inactive
154999, 2047401165, 2115/165/0 1:1:1, Inactive
155999, 2047401165, 2115/165/0 1:1:1, Inactive
156999, 2047401165, 2115/165/0 1:1:1, Inactive
157999, 2047401165, 2115/165/0 1:1:1, Inactive
158999, 2047401165, 2115/165/0 1:1:1, Inactive
160000, 2047401165, 2115/165/0 1:1:1, Active
160999, 2047401165, 2115/165/0 1:1:1, Active
161999, 2047401165, 2115/165/0 1:1:1, Active
163000, 2047401165, 2115/165/0 1:1:1, Inactive
163999, 2047401165, 2115/165/0 1:1:1, Inactive
165000, 2047401165, 2115/165/0 1:1:1, Inactive
165999, 2047401165, 2115/165/0 1:1:1, Inactive
166999, 2047401165, 2115/165/0 1:1:1, Inactive
167999, 2047401165, 2115/165/0 1:1:1, Inactive
168999, 2047401165, 2115/165/0 1:1:1, Inactive
169999, 2047401165, 2115/165/0 1:1:1, Active
170999, 2047401165, 2115/165/0 1:1:1, Active
172000, 2047401165, 2115/165/0 1:1:1, Active
172999, 2047401165, 2115/165/0 1:1:1, Inactive
173999, 2047401165, 2115/165/0 1:1:1, Inactive
174999, 2047401165, 2115/165/0 1:1:1, Inactive
176000, 2047401165, 2115/165/0 1:1:1, Inactive
176999, 2047401165, 2115/165/0 1:1:1, Inactive
177999, 2047401165, 2115/165/0 1:1:1, Inactive
178998, 2047401165, 2115/165/0 1:1:1, Active
179999, 2047401165, 2115/165/0 1:1:1, Active
180999, 2047401165, 2115/165/0 1:1:1, Active
181999, 2047401165, 2115/165/0 1:1:1, Inactive
182999, 2047401165, 2115/165/0 1:1:1, Inactive
183999, 2047401165, 2115/165/0 1:1:1, Inactive
184999, 2047401165, 2115/165/0 1:1:1, Inactive
185999, 2047401165, 2115/165/0 1:1:1, Inactive
186999, 2047401165, 2115/165/0 1:1:1, Inactive
187998, 2047401165, 2115/165/0 1:1:1, Inactive
188999, 2047401165, 2115/165/0 1:1:1, Active
189999, 2047401165, 2115/165/0 1:1:1, Active
190999, 2047401165, 2115/165/0 1:1:1, Active
192000, 2047401165, 2115/165/0 1:1:1, Inactive
192999, 2047401165, 2115/165/0 1:1:1, Inactive
193999, 2047401165, 2115/165/0 1:1:1, Inactive
194999, 2047401165, 2115/165/0 1:1:1, Inactive
195999, 2047401165, 2115/165/0 1:1:1, Inactive
197000, 2047401165, 2115/165/0 1:1:1, Inactive
197999, 2047401165, 2115/165/0 1:1:1, Inactive
199000, 2047401165, 2115/165/0 1:1:1, Active
199999, 2047401165, 2115/165/0 1:1:1, Active
200999, 2047401165, 2115/165/0 1:1:1, Inactive
201999, 2047401165, 2115/165/0 1:1:1, Inactive
202999, 2047401165, 2115/165/0 1:1:1, Inactive
203999, 2047401165, 2115/165/0 1:1:1, Inactive
204999, 2047401165, 2115/165/0 1:1:1, Inactive
205999, 2047401165, 2115/165/0 1:1:1, Inactive
206999, 2047401165, 2115/165/0 1:1:1, Inactive
208000, 2047401165, 2115/165/0 1:1:1, Active
208999, 2047401165, 2115/165/0 1:1:1, Active
209998, 2047401165, 2115/165/0 1:1:1, Active
210998, 2047401165, 2115/165/0 1:1:1, Inactive
211999, 2047401165, 2115/165/0 1:1:1, Inactive
212999, 2047401165, 2115/165/0 1:1:1, Inactive
213999, 2047401165, 2115/165/0 1:1:1, Inactive
215000, 2047401165, 2115/165/0 1:1:1, Inactive
215999, 2047401165, 2115/165/0 1:1:1, Inactive
216999, 2047401165, 2115/165/0 1:1:1, Active
217999, 2047401165, 2115/165/0 1:1:1, Active
218999, 2047401165, 2115/165/0 1:1:1, Active
219999, 2047401165, 2115/165/0 1:1:1, Inactive
220999, 2047401165, 2115/165/0 1:1:1, Inactive
221998, 2047401165, 2115/165/0 1:1:1, Inactive
222999, 2047401165, 2115/165/0 1:1:1, Inactive
224000, 2047401165, 2115/165/0 1:1:1, Inactive
224999, 2047401165, 2115/165/0 1:1:1, Inactive
225999, 2047401165, 2115/165/0 1:1:1, Active
226999, 2047401165, 2115/165/0 1:1:1, Active
227999, 2047401165, 2115/165/0 1:1:1, Active
228999, 2047401165, 2115/165/0 1:1:1, Inactive
229999, 2047401165, 2115/165/0 1:1:1, Inactive
230999, 2047401165, 2115/165/0 1:1:1, Inactive
231999, 2047401165, 2115/165/0 1:1:1, Inactive
232999, 2047401165, 2115/165/0 1:1:1, Inactive
233999, 2047401165, 2115/165/0 1:1:1, Inactive
234999, 2047401165, 2115/165/0 1:1:1, Inactive
235999, 2047401165, 2115/165/0 1:1:1, Active
236999, 2047401165, 2115/165/0 1:1:1, Active
237999, 2047401165, 2115/165/0 1:1:1, Active
238999, 2047401165, 2115/165/0 1:1:1, Inactive
239998, 2047401165, 2115/165/0 1:1:1, Inactive
240999, 2047401165, 2115/165/0 1:1:1, Inactive
241998, 2047401165, 2115/165/0 1:1:1, Inactive
242999, 2047401165, 2115/165/0 1:1:1, Inactive
243999, 2047401165, 2115/165/0 1:1:1, Inactive
244999, 2047401165, 2115/165/0 1:1:1, Active
245999, 2047401165, 2115/165/0 1:1:1, Active
246999, 2047401165, 2115/165/0 1:1:1, Active
247999, 2047401165, 2115/165/0 1:1:1, Inactive
248999, 2047401165, 2115/165/0 1:1:1, Inactive
250000, 2047401165, 2115/165/0 1:1:1, Inactive
250999, 2047401165, 2115/165/0 1:1:1, Inactive
251999, 2047401165, 2115/165/0 1:1:1, Inactive
252999, 2047401165, 2115/165/0 1:1:1, Inactive
253999, 2047401165, 2115/165/0 1:1:1, Active
254999, 2047401165, 2115/165/0 1:1:1, Active
256000, 2047401165, 2115/165/0 1:1:1, Active
256999, 2047401165, 2115/165/0 1:1:1, Inactive
257999, 2047401165, 2115/165/0 1:1:1, Inactive
258999, 2047401165, 2115/165/0 1:1:1, Inactive
259999, 2047401165, 2115/165/0 1:1:1, Inactive
260999, 2047401165, 2115/165/0 1:1:1, Inactive
261999, 2047401165, 2115/165/0 1:1:1, Inactive
262999, 2047401165, 2115/165/0 1:1:1, Active
263999, 2047401165, 2115/165/0 1:1:1, Active
264998, 2047401165, 2115/165/0 1:1:1, Active
265999, 2047401165, 2115/165/0 1:1:1, Inactive
266999, 2047401165, 2115/165/0 1:1:1, Inactive
267999, 2047401165, 2115/165/0 1:1:1, Inactive
268999, 2047401165, 2115/165/0 1:1:1, Inactive
269999, 2047401165, 2115/165/0 1:1:1, Inactive
270999, 2047401165, 2115/165/0 1:1:1, Inactive
272000, 2047401165, 2115/165/0 1:1:1, Active
272999, 2047401165, 2115/165/0 1:1:1, Active
273999, 2047401165, 2115/165/0 1:1:1, Active
274999, 2047401165, 2115/165/0 1:1:1, Inactive
275999, 2047401165, 2115/165/0 1:1:1, Inactive
276999, 2047401165, 2115/165/0 1:1:1, Inactive
277999, 2047401165, 2115/165/0 1:1:1, Inactive
279000, 2047401165, 2115/165/0 1:1:1, Inactive
279999, 2047401165, 2115/165/0 1:1:1, Inactive
280999, 2047401165, 2115/165/0 1:1:1, Inactive
281999, 2047401165, 2115/165/0 1:1:1, Active
282999, 2047401165, 2115/165/0 1:1:1, Active
284000, 2047401165, 2115/165/0 1:1:1, Inactive
284999, 2047401165, 2115/165/0 1:1:1, Inactive
286000, 2047401165, 2115/165/0 1:1:1, Inactive
286998, 2047401165, 2115/165/0 1:1:1, Inactive
288000, 2047401165, 2115/165/0 1:1:1, Inactive
289000, 2047401165, 2115/165/0 1:1:1, Inactive
289999, 2047401165, 2115/165/0 1:1:1, Inactive
290999, 2047401165, 2115/165/0 1:1:1, Active
291999, 2047401165, 2115/165/0 1:1:1, Active
292999, 2047401165, 2115/165/0 1:1:1, Active
293999, 2047401165, 2115/165/0 1:1:1, Inactive
295000, 2047401165, 2115/165/0 1:1:1, Inactive
295999, 2047401165, 2115/165/0 1:1:1, Inactive
296999, 2047401165, 2115/165/0 1:1:1, Inactive
297999, 2047401165, 2115/165/0 1:1:1, Inactive
298999, 2047401165, 2115/165/0 1:1:1, Inactive
299999, 2047401165, 2115/165/0 1:1:1, Active
300999, 2047401165, 2115/165/0 1:1:1, Active
301999, 2047401165, 2115/165/0 1:1:1, Active
302999, 2047401165, 2115/165/0 1:1:1, Inactive
304000, 2047401165, 2115/165/0 1:1:1, Inactive
304999, 2047401165, 2115/165/0 1:1:1, Inactive
305999, 2047401165, 2115/165/0 1:1:1, Inactive
306999, 2047401165, 2115/165/0 1:1:1, Inactive
307999, 2047401165, 2115/165/0 1:1:1, Inactive
308999, 2047401165, 2115/165/0 1:1:1, Active
309999, 2047401165, 2115/165/0 1:1:1, Active
311000, 2047401165, 2115/165/0 1:1:1, Active
311999, 2047401165, 2115/165/0 1:1:1, Inactive
312999, 2047401165, 2115/165/0 1:1:1, Inactive
313999, 2047401165, 2115/165/0 1:1:1, Inactive
314999, 2047401165, 2115/165/0 1:1:1, Inactive
316000, 2047401165, 2115/165/0 1:1:1, Inactive
316999, 2047401165, 2115/165/0 1:1:1, Inactive
318000, 2047401165, 2115/165/0 1:1:1, Inactive
318999, 2047401165, 2115/165/0 1:1:1, Active
320000, 2047401165, 2115/165/0 1:1:1, Active
320999, 2047401165, 2115/165/0 1:1:1, Inactive
321999, 2047401165, 2115/165/0 1:1:1, Inactive
322999, 2047401165, 2115/165/0 1:1:1, Inactive
323999, 2047401165, 2115/165/0 1:1:1, Inactive
325000, 2047401165, 2115/165/0 1:1:1, Inactive
325999, 2047401165, 2115/165/0 1:1:1, Inactive
326999, 2047401165, 2115/165/0 1:1:1, Inactive
327999, 2047401165, 2115/165/0 1:1:1, Active
328999, 2047401165, 2115/165/0 1:1:1, Active
329999, 2047401165, 2115/165/0 1:1:1, Active
330999, 2047401165, 2115/165/0 1:1:1, Inactive
331999, 2047401165, 2115/165/0 1:1:1, Inactive
332999, 2047401165, 2115/165/0 1:1:1, Inactive
334000, 2047401165, 2115/165/0 1:1:1, Inactive
334999, 2047401165, 2115/165/0 1:1:1, Inactive
336000, 2047401165, 2115/165/0 1:1:1, Inactive
336999, 2047401165, 2115/165/0 1:1:1, Active
337999, 2047401165, 2115/165/0 1:1:1, Active
338999, 2047401165, 2115/165/0 1:1:1, Active
339999, 2047401165, 2115/165/0 1:1:1, Inactive
340999, 2047401165, 2115/165/0 1:1:1, Inactive
341999, 2047401165, 2115/165/0 1:1:1, Inactive
342999, 2047401165, 2115/165/0 1:1:1, Inactive
343999, 2047401165, 2115/165/0 1:1:1, Inactive
344998, 2047401165, 2115/165/0 1:1:1, Inactive
345999, 2047401165, 2115/165/0 1:1:1, Active
346999, 2047401165, 2115/165/0 1:1:1, Active
347999, 2047401165, 2115/165/0 1:1:1, Active
348999, 2047401165, 2115/165/0 1:1:1, Inactive
349999, 2047401165, 2115/165/0 1:1:1, Inactive
350999, 2047401165, 2115/165/0 1:1:1, Inactive
352000, 2047401165, 2115/165/0 1:1:1, Inactive
352999, 2047401165, 2115/165/0 1:1:1, Inactive
353999, 2047401165, 2115/165/0 1:1:1, Inactive
354999, 2047401165, 2115/165/0 1:1:1, Active
355999, 2047401165, 2115/165/0 1:1:1, Active
357000, 2047401165, 2115/165/0 1:1:1, Inactive
357999, 2047401165, 2115/165/0 1:1:1, Inactive
358999, 2047401165, 2115/165/0 1:1:1, Inactive
359999, 2047401165, 2115/165/0 1:1:1, Inactive
360999, 2047401165, 2115/165/0 1:1:1, Inactive
361999, 2047401165, 2115/165/0 1:1:1, Inactive
362999, 2047401165, 2115/165/0 1:1:1, Inactive
363999, 2047401165, 2115/165/0 1:1:1, Inactive
364999, 2047401165, 2115/165/0 1:1:1, Inactive
366000, 2047401165, 2115/165/0 1:1:1, Active
366999, 2047401165, 2115/165/0 1:1:1, Active
368000, 2047401165, 2115/165/0 1:1:1, Inactive
368999, 2047401165, 2115/165/0 1:1:1, Inactive
369999, 2047401165, 2115/165/0 1:1:1, Inactive
370999, 2047401165, 2115/165/0 1:1:1, Inactive
371999, 2047401165, 2115/165/0 1:1:1, Inactive
372999, 2047401165, 2115/165/0 1:1:1, Inactive
373999, 2047401165, 2115/165/0 1:1:1, Inactive
374999, 2047401165, 2115/165/0 1:1:1, Inactive
375999, 2047401165, 2115/165/0 1:1:1, Inactive
376998, 2047401165, 2115/165/0 1:1:1, Inactive
377999, 2047401165, 2115/165/0 1:1:1, Inactive
378999, 2047401165, 2115/165/0 1:1:1, Inactive
379999, 2047401165, 2115/165/0 1:1:1, Active
380999, 2047401165, 2115/165/0 1:1:1, Active
381999, 2047401165, 2115/165/0 1:1:1, Inactive
382998, 2047401165, 2115/165/0 1:1:1, Inactive
384000, 2047401165, 2115/165/0 1:1:1, Inactive
384999, 2047401165, 2115/165/0 1:1:1, Inactive
385999, 2047401165, 2115/165/0 1:1:1, Inactive
387000, 2047401165, 2115/165/0 1:1:1, Inactive
387999, 2047401165, 2115/165/0 1:1:1, Inactive
389000, 2047401165, 2115/165/0 1:1:1, Inactive
389999, 2047401165, 2115/165/0 1:1:1, Inactive
390999, 2047401165, 2115/165/0 1:1:1, Inactive
391999, 2047401165, 2115/165/0 1:1:1, Inactive
392998, 2047401165, 2115/165/0 1:1:1, Inactive
393999, 2047401165, 2115/165/0 1:1:1, Inactive
394999, 2047401165, 2115/165/0 1:1:1, Inactive
395999, 2047401165, 2115/165/0 1:1:1, Inactive
396999, 2047401165, 2115/165/0 1:1:1, Inactive
397999, 2047401165, 2115/165/0 1:1:1, Inactive
398999, 2047401165, 2115/165/0 1:1:1, Inactive
400000, 2047401165, 2115/165/0 1:1:1, Inactive
400999, 2047401165, 2115/165/0 1:1:1, Inactive
401999, 2047401165, 2115/165/0 1:1:1, Inactive
402999, 2047401165, 2115/165/0 1:1:1, Inactive
403999, 2047401165, 2115/165/0 1:1:1, Inactive
404999, 2047401165, 2115/165/0 1:1:1, Inactive
405999, 2047401165, 2115/165/0 1:1:1, Inactive
407000, 2047401165, 2115/165/0 1:1:1, Inactive
407999, 2047401165, 2115/165/0 1:1:1, Inactive
408999, 2047401165, 2115/165/0 1:1:1, Inactive
409999, 2047401165, 2115/165/0 1:1:1, Inactive
410999, 2047401165, 2115/165/0 1:1:1, Inactive
411999, 2047401165, 2115/165/0 1:1:1, Inactive
412999, 2047401165, 2115/165/0 1:1:1, Inactive
413999, 2047401165, 2115/165/0 1:1:1, Inactive
414999, 2047401165, 2115/165/0 1:1:1, Inactive
416000, 2047401165, 2115/165/0 1:1:1, Inactive
416999, 2047401165, 2115/165/0 1:1:1, Inactive
417999, 2047401165, 2115/165/0 1:1:1, Inactive
418999, 2047401165, 2115/165/0 1:1:1, Inactive
419999, 2047401165, 2115/165/0 1:1:1, Inactive
420999, 2047401165, 2115/165/0 1:1:1, Inactive
421999, 2047401165, 2115/165/0 1:1:1, Inactive
423000, 2047401165, 2115/165/0 1:1:1, Inactive
423999, 2047401165, 2115/165/0 1:1:1, Inactive
424999, 2047401165, 2115/165/0 1:1:1, Inactive
425999, 2047401165, 2115/165/0 1:1:1, Inactive
426999, 2047401165, 2115/165/0 1:1:1, Inactive
428000, 2047401165, 2115/165/0 1:1:1, Inactive
428999, 2047401165, 2115/165/0 1:1:1, Inactive
429999, 2047401165, 2115/165/0 1:1:1, Inactive
430999, 2047401165, 2115/165/0 1:1:1, Inactive
432000, 2047401165, 2115/165/0 1:1:1, Inactive
432999, 2047401165, 2115/165/0 1:1:1, Inactive
433999, 2047401165, 2115/165/0 1:1:1, Inactive
434999, 2047401165, 2115/165/0 1:1:1, Inactive
435999, 2047401165, 2115/165/0 1:1:1, Inactive
436999, 2047401165, 2115/165/0 1:1:1, Inactive
437999, 2047401165, 2115/165/0 1:1:1, Inactive
439000, 2047401165, 2115/165/0 1:1:1, Inactive
439999, 2047401165, 2115/165/0 1:1:1, Inactive
440999, 2047401165, 2115/165/0 1:1:1, Inactive
441999, 2047401165, 2115/165/0 1:1:1, Inactive
442999, 2047401165, 2115/165/0 1:1:1, Inactive
443999, 2047401165, 2115/165/0 1:1:1, Inactive
444999, 2047401165, 2115/165/0 1:1:1, Inactive
445999, 2047401165, 2115/165/0 1:1:1, Inactive
446999, 2047401165, 2115/165/0 1:1:1, Inactive
447998, 2047401165, 2115/165/0 1:1:1, Inactive
448999, 2047401165, 2115/165/0 1:1:1, Inactive
449999, 2047401165, 2115/165/0 1:1:1, Inactive
450999, 2047401165, 2115/165/0 1:1:1, Inactive
451999, 2047401165, 2115/165/0 1:1:1, Inactive
452999, 2047401165, 2115/165/0 1:1:1, Inactive
453999, 2047401165, 2115/165/0 1:1:1, Inactive
455000, 2047401165, 2115/165/0 1:1:1, Inactive
455999, 2047401165, 2115/165/0 1:1:1, Inactive
456999, 2047401165, 2115/165/0 1:1:1, Inactive
457999, 2047401165, 2115/165/0 1:1:1, Inactive
458999, 2047401165, 2115/165/0 1:1:1, Inactive
460000, 2047401165, 2115/165/0 1:1:1, Inactive
460999, 2047401165, 2115/165/0 1:1:1, Inactive
461999, 2047401165, 2115/165/0 1:1:1, Inactive
462999, 2047401165, 2115/165/0 1:1:1, Inactive
464000, 2047401165, 2115/165/0 1:1:1, Inactive
464999, 2047401165, 2115/165/0 1:1:1, Inactive
465999, 2047401165, 2115/165/0 1:1:1, Inactive
467000, 2047401165, 2115/165/0 1:1:1, Inactive
467999, 2047401165, 2115/165/0 1:1:1, Inactive
468999, 2047401165, 2115/165/0 1:1:1, Inactive
469999, 2047401165, 2115/165/0 1:1:1, Inactive
471000, 2047401165, 2115/165/0 1:1:1, Inactive
471999, 2047401165, 2115/165/0 1:1:1, Inactive
472999, 2047401165, 2115/165/0 1:1:1, Inactive
473999, 2047401165, 2115/165/0 1:1:1, Inactive
474999, 2047401165, 2115/165/0 1:1:1, Inactive
475998, 2047401165, 2115/165/0 1:1:1, Inactive
476999, 2047401165, 2115/165/0 1:1:1, Inactive
477999, 2047401165, 2115/165/0 1:1:1, Inactive
478999, 2047401165, 2115/165/0 1:1:1, Inactive
480000, 2047401165, 2115/165/0 1:1:1, Inactive
480999, 2047401165, 2115/165/0 1:1:1, Inactive
481999, 2047401165, 2115/165/0 1:1:1, Inactive
482999, 2047401165, 2115/165/0 1:1:1, Inactive
483999, 2047401165, 2115/165/0 1:1:1, Inactive
484999, 2047401165, 2115/165/0 1:1:1, Inactive
485999, 2047401165, 2115/165/0 1:1:1, Inactive
486999, 2047401165, 2115/165/0 1:1:1, Inactive
487999, 2047401165, 2115/165/0 1:1:1, Inactive
488999, 2047401165, 2115/165/0 1:1:1, Active
489999, 2047401165, 2115/165/0 1:1:1, Active
490999, 2047401165, 2115/165/0 1:1:1, Active
492000, 2047401165, 2115/165/0 1:1:1, Inactive
492999, 2047401165, 2115/165/0 1:1:1, Inactive
493999, 2047401165, 2115/165/0 1:1:1, Inactive
494999, 2047401165, 2115/165/0 1:1:1, Inactive
496000, 2047401165, 2115/165/0 1:1:1, Inactive
496999, 2047401165, 2115/165/0 1:1:1, Inactive
497999, 2047401165, 2115/165/0 1:1:1, Active
498999, 2047401165, 2115/165/0 1:1:1, Active
499999, 2047401165, 2115/165/0 1:1:1, Active
500999, 2047401165, 2115/165/0 1:1:1, Inactive
501999, 2047401165, 2115/165/0 1:1:1, Inactive
503000, 2047401165, 2115/165/0 1:1:1, Inactive
503999, 2047401165, 2115/165/0 1:1:1, Inactive
504999, 2047401165, 2115/165/0 1:1:1, Inactive
505999, 2047401165, 2115/165/0 1:1:1, Inactive
506999, 2047401165, 2115/165/0 1:1:1, Inactive
507999, 2047401165, 2115/165/0 1:1:1, Inactive
508999, 2047401165, 2115/165/0 1:1:1, Inactive
509999, 2047401165, 2115/165/0 1:1:1, Inactive
510999, 2047401165, 2115/165/0 1:1:1, Inactive
512000, 2047401165, 2115/165/0 1:1:1, Inactive
512999, 2047401165, 2115/165/0 1:1:1, Inactive
513999, 2047401165, 2115/165/0 1:1:1, Inactive
514999, 2047401165, 2115/165/0 1:1:1, Inactive
515999, 2047401165, 2115/165/0 1:1:1, Inactive
517000, 2047401165, 2115/165/0 1:1:1, Inactive
517998, 2047401165, 2115/165/0 1:1:1, Inactive
518999, 2047401165, 2115/165/0 1:1:1, Inactive
519999, 2047401165, 2115/165/0 1:1:1, Inactive
520999, 2047401165, 2115/165/0 1:1:1, Inactive
521999, 2047401165, 2115/165/0 1:1:1, Inactive
522999, 2047401165, 2115/165/0 1:1:1, Inactive
524000, 2047401165, 2115/165/0 1:1:1, Inactive
524999, 2047401165, 2115/165/0 1:1:1, Inactive
526000, 2047401165, 2115/165/0 1:1:1, Inactive
526999, 2047401165, 2115/165/0 1:1:1, Inactive
528000, 2047401165, 2115/165/0 1:1:1, Inactive
528999, 2047401165, 2115/165/0 1:1:1, Inactive
529999, 2047401165, 2115/165/0 1:1:1, Inactive
530999, 2047401165, 2115/165/0 1:1:1, Inactive
531999, 2047401165, 2115/165/0 1:1:1, Inactive
532999, 2047401165, 2115/165/0 1:1:1, Inactive
533999, 2047401165, 2115/165/0 1:1:1, Inactive
534999, 2047401165, 2115/165/0 1:1:1, Inactive
535999, 2047401165, 2115/165/0 1:1:1, Inactive
536999, 2047401165, 2115/165/0 1:1:1, Inactive
537999, 2047401165, 2115/165/0 1:1:1, Inactive
538999, 2047401165, 2115/165/0 1:1:1, Inactive
539999, 2047401165, 2115/165/0 1:1:1, Inactive
540999, 2047401165, 2115/165/0 1:1:1, Inactive
541999, 2047401165, 2115/165/0 1:1:1, Inactive
542998, 2047401165, 2115/165/0 1:1:1, Inactive
544000, 2047401165, 2115/165/0 1:1:1, Inactive
544999, 2047401165, 2115/165/0 1:1:1, Inactive
545999, 2047401165, 2115/165/0 1:1:1, Inactive
546999, 2047401165, 2115/165/0 1:1:1, Active
547999, 2047401165, 2115/165/0 1:1:1, Active
549000, 2047401165, 2115/165/0 1:1:1, Inactive
549999, 2047401165, 2115/165/0 1:1:1, Inactive
550999, 2047401165, 2115/165/0 1:1:1, Inactive
551999, 2047401165, 2115/165/0 1:1:1, Inactive
552999, 2047401165, 2115/165/0 1:1:1, Inactive
553999, 2047401165, 2115/165/0 1:1:1, Inactive
554999, 2047401165, 2115/165/0 1:1:1, Inactive
555999, 2047401165, 2115/165/0 1:1:1, Inactive
556999, 2047401165, 2115/165/0 1:1:1, Inactive
557999, 2047401165, 2115/165/0 1:1:1, Inactive
558999, 2047401165, 2115/165/0 1:1:1, Inactive
560000, 2047401165, 2115/165/0 1:1:1, Inactive
560999, 2047401165, 2115/165/0 1:1:1, Inactive
561999, 2047401165, 2115/165/0 1:1:1, Inactive
563000, 2047401165, 2115/165/0 1:1:1, Inactive
563999, 2047401165, 2115/165/0 1:1:1, Inactive
564999, 2047401165, 2115/165/0 1:1:1, Inactive
565999, 2047401165, 2115/165/0 1:1:1, Inactive
567000, 2047401165, 2115/165/0 1:1:1, Inactive
567999, 2047401165, 2115/165/0 1:1:1, Inactive
568999, 2047401165, 2115/165/0 1:1:1, Inactive
569999, 2047401165, 2115/165/0 1:1:1, Inactive
570999, 2047401165, 2115/165/0 1:1:1, Inactive
571999, 2047401165, 2115/165/0 1:1:1, Inactive
572999, 2047401165, 2115/165/0 1:1:1, Inactive
573999, 2047401165, 2115/165/0 1:1:1, Inactive
574999, 2047401165, 2115/165/0 1:1:1, Inactive
576000, 2047401165, 2115/165/0 1:1:1, Inactive
576999, 2047401165, 2115/165/0 1:1:1, Inactive
577999, 2047401165, 2115/165/0 1:1:1, Inactive
578999, 2047401165, 2115/165/0 1:1:1, Inactive
579999, 2047401165, 2115/165/0 1:1:1, Inactive
580999, 2047401165, 2115/165/0 1:1:1, Inactive
581999, 2047401165, 2115/165/0 1:1:1, Inactive
582999, 2047401165, 2115/165/0 1:1:1, Inactive
583999, 2047401165, 2115/165/0 1:1:1, Inactive
584999, 2047401165, 2115/165/0 1:1:1, Inactive
585999, 2047401165, 2115/165/0 1:1:1, Inactive
586999, 2047401165, 2115/165/0 1:1:1, Inactive
587999, 2047401165, 2115/165/0 1:1:1, Inactive
588999, 2047401165, 2115/165/0 1:1:1, Inactive
589999, 2047401165, 2115/165/0 1:1:1, Inactive
590999, 2047401165, 2115/165/0 1:1:1, Inactive
592000, 2047401165, 2115/165/0 1:1:1, Inactive
592999, 2047401165, 2115/165/0 1:1:1, Inactive
593999, 2047401165, 2115/165/0 1:1:1, Inactive
594999, 2047401165, 2115/165/0 1:1:1, Inactive
595999, 2047401165, 2115/165/0 1:1:1, Inactive
596999, 2047401165, 2115/165/0 1:1:1, Inactive
597999, 2047401165, 2115/165/0 1:1:1, Inactive
598999, 2047401165, 2115/165/0 1:1:1, Inactive
599999, 2047401165, 2115/165/0 1:1:1, Inactive
600999, 2047401165, 2115/165/0 1:1:1, Inactive
601999, 2047401165, 2115/165/0 1:1:1, Inactive
602999, 2047401165, 2115/165/0 1:1:1, Inactive
603999, 2047401165, 2115/165/0 1:1:1, Inactive
605000, 2047401165, 2115/165/0 1:1:1, Inactive
605999, 2047401165, 2115/165/0 1:1:1, Inactive
606999, 2047401165, 2115/165/0 1:1:1, Inactive
608000, 2047401165, 2115/165/0 1:1:1, Inactive
608999, 2047401165, 2115/165/0 1:1:1, Inactive
609999, 2047401165, 2115/165/0 1:1:1, Inactive
610999, 2047401165, 2115/165/0 1:1:1, Inactive
611999, 2047401165, 2115/165/0 1:1:1, Inactive
612999, 2047401165, 2115/165/0 1:1:1, Inactive
613999, 2047401165, 2115/165/0 1:1:1, Inactive
614999, 2047401165, 2115/165/0 1:1:1, Inactive
615999, 2047401165, 2115/165/0 1:1:1, Inactive
616999, 2047401165, 2115/165/0 1:1:1, Inactive
617999, 2047401165, 2115/165/0 1:1:1, Inactive
618999, 2047401165, 2115/165/0 1:1:1, Inactive
619999, 2047401165, 2115/165/0 1:1:1, Inactive
620999, 2047401165, 2115/165/0 1:1:1, Inactive
622000, 2047401165, 2115/165/0 1:1:1, Inactive
622999, 2047401165, 2115/165/0 1:1:1, Inactive
624000, 2047401165, 2115/165/0 1:1:1, Inactive
624999, 2047401165, 2115/165/0 1:1:1, Inactive
625999, 2047401165, 2115/165/0 1:1:1, Inactive
626999, 2047401165, 2115/165/0 1:1:1, Inactive
627999, 2047401165, 2115/165/0 1:1:1, Inactive
628998, 2047401165, 2115/165/0 1:1:1, Inactive
629999, 2047401165, 2115/165/0 1:1:1, Inactive
630999, 2047401165, 2115/165/0 1:1:1, Inactive
631999, 2047401165, 2115/165/0 1:1:1, Inactive
632999, 2047401165, 2115/165/0 1:1:1, Inactive
633999, 2047401165, 2115/165/0 1:1:1, Inactive
634999, 2047401165, 2115/165/0 1:1:1, Inactive
635999, 2047401165, 2115/165/0 1:1:1, Inactive
636999, 2047401165, 2115/165/0 1:1:1, Inactive
637999, 2047401165, 2115/165/0 1:1:1, Inactive
638998, 2047401165, 2115/165/0 1:1:1, Inactive
640000, 2047401165, 2115/165/0 1:1:1, Inactive
640999, 2047401165, 2115/165/0 1:1:1, Inactive
641999, 2047401165, 2115/165/0 1:1:1, Inactive
642999, 2047401165, 2115/165/0 1:1:1, Inactive
643999, 2047401165, 2115/165/0 1:1:1, Inactive
645000, 2047401165, 2115/165/0 1:1:1, Inactive
645999, 2047401165, 2115/165/0 1:1:1, Inactive
646999, 2047401165, 2115/165/0 1:1:1, Inactive
647999, 2047401165, 2115/165/0 1:1:1, Inactive
648998, 2047401165, 2115/165/0 1:1:1, Inactive
649998, 2047401165, 2115/165/0 1:1:1, Inactive
650999, 2047401165, 2115/165/0 1:1:1, Inactive
651999, 2047401165, 2115/165/0 1:1:1, Inactive
652999, 2047401165, 2115/165/0 1:1:1, Inactive
654000, 2047401165, 2115/165/0 1:1:1, Inactive
654999, 2047401165, 2115/165/0 1:1:1, Inactive
656000, 2047401165, 2115/165/0 1:1:1, Inactive
656999, 2047401165, 2115/165/0 1:1:1, Inactive
657999, 2047401165, 2115/165/0 1:1:1, Inactive
658999, 2047401165, 2115/165/0 1:1:1, Inactive
659999, 2047401165, 2115/165/0 1:1:1, Inactive
660999, 2047401165, 2115/165/0 1:1:1, Inactive
661999, 2047401165, 2115/165/0 1:1:1, Inactive
662999, 2047401165, 2115/165/0 1:1:1, Inactive
663999, 2047401165, 2115/165/0 1:1:1, Inactive
664999, 2047401165, 2115/165/0 1:1:1, Inactive
665999, 2047401165, 2115/165/0 1:1:1, Inactive
666999, 2047401165, 2115/165/0 1:1:1, Inactive
668000, 2047401165, 2115/165/0 1:1:1, Inactive
668999, 2047401165, 2115/165/0 1:1:1, Inactive
669999, 2047401165, 2115/165/0 1:1:1, Inactive
670998, 2047401165, 2115/165/0 1:1:1, Inactive
672000, 2047401165, 2115/165/0 1:1:1, Inactive
672999, 2047401165, 2115/165/0 1:1:1, Inactive
673999, 2047401165, 2115/165/0 1:1:1, Inactive
674999, 2047401165, 2115/165/0 1:1:1, Inactive
675999, 2047401165, 2115/165/0 1:1:1, Inactive
677000, 2047401165, 2115/165/0 1:1:1, Inactive
677999, 2047401165, 2115/165/0 1:1:1, Inactive
678999, 2047401165, 2115/165/0 1:1:1, Inactive
679999, 2047401165, 2115/165/0 1:1:1, Inactive
680999, 2047401165, 2115/165/0 1:1:1, Inactive
681999, 2047401165, 2115/165/0 1:1:1, Inactive
682999, 2047401165, 2115/165/0 1:1:1, Inactive
684000, 2047401165, 2115/165/0 1:1:1, Inactive
684999, 2047401165, 2115/165/0 1:1:1, Inactive
686000, 2047401165, 2115/165/0 1:1:1, Inactive
686999, 2047401165, 2115/165/0 1:1:1, Inactive
688000, 2047401165, 2115/165/0 1:1:1, Inactive
688999, 2047401165, 2115/165/0 1:1:1, Inactive
689999, 2047401165, 2115/165/0 1:1:1, Inactive
690999, 2047401165, 2115/165/0 1:1:1, Inactive
691999, 2047401165, 2115/165/0 1:1:1, Inactive
692999, 2047401165, 2115/165/0 1:1:1, Inactive
693999, 2047401165, 2115/165/0 1:1:1, Inactive
694999, 2047401165, 2115/165/0 1:1:1, Inactive
695999, 2047401165, 2115/165/0 1:1:1, Inactive
696999, 2047401165, 2115/165/0 1:1:1, Inactive
697999, 2047401165, 2115/165/0 1:1:1, Inactive
698999, 2047401165, 2115/165/0 1:1:1, Inactive
699999, 2047401165, 2115/165/0 1:1:1, Inactive
700999, 2047401165, 2115/165/0 1:1:1, Inactive
701999, 2047401165, 2115/165/0 1:1:1, Inactive
702999, 2047401165, 2115/165/0 1:1:1, Inactive
703998, 2047401165, 2115/165/0 1:1:1, Inactive
704999, 2047401165, 2115/165/0 1:1:1, Inactive
705999, 2047401165, 2115/165/0 1:1:1, Inactive
706999, 2047401165, 2115/165/0 1:1:1, Inactive
707999, 2047401165, 2115/165/0 1:1:1, Inactive
708999, 2047401165, 2115/165/0 1:1:1, Inactive
709999, 2047401165, 2115/165/0 1:1:1, Inactive
711000, 2047401165, 2115/165/0 1:1:1, Inactive
711999, 2047401165, 2115/165/0 1:1:1, Inactive
712999, 2047401165, 2115/165/0 1:1:1, Inactive
713999, 2047401165, 2115/165/0 1:1:1, Inactive
714999, 2047401165, 2115/165/0 1:1:1, Inactive
715999, 2047401165, 2115/165/0 1:1:1, Inactive
716999, 2047401165, 2115/165/0 1:1:1, Inactive
718000, 2047401165, 2115/165/0 1:1:1, Inactive
718999, 2047401165, 2115/165/0 1:1:1, Inactive
720000, 2047401165, 2115/165/0 1:1:1, Inactive
720999, 2047401165, 2115/165/0 1:1:1, Inactive
721999, 2047401165, 2115/165/0 1:1:1, Inactive
722999, 2047401165, 2115/165/0 1:1:1, Inactive
723999, 2047401165, 2115/165/0 1:1:1, Inactive
724998, 2047401165, 2115/165/0 1:1:1, Inactive
725999, 2047401165, 2115/165/0 1:1:1, Inactive
726999, 2047401165, 2115/165/0 1:1:1, Inactive
727999, 2047401165, 2115/165/0 1:1:1, Inactive
728999, 2047401165, 2115/165/0 1:1:1, Inactive
729999, 2047401165, 2115/165/0 1:1:1, Inactive
730999, 2047401165, 2115/165/0 1:1:1, Inactive
731999, 2047401165, 2115/165/0 1:1:1, Inactive
732999, 2047401165, 2115/165/0 1:1:1, Inactive
733999, 2047401165, 2115/165/0 1:1:1, Inactive
734998, 2047401165, 2115/165/0 1:1:1, Inactive
736000, 2047401165, 2115/165/0 1:1:1, Inactive
736999, 2047401165, 2115/165/0 1:1:1, Inactive
737999, 2047401165, 2115/165/0 1:1:1, Inactive
738999, 2047401165, 2115/165/0 1:1:1, Inactive
739999, 2047401165, 2115/165/0 1:1:1, Inactive
740999, 2047401165, 2115/165/0 1:1:1, Inactive
741999, 2047401165, 2115/165/0 1:1:1, Inactive
743000, 2047401165, 2115/165/0 1:1:1, Inactive
743999, 2047401165, 2115/165/0 1:1:1, Inactive
744999, 2047401165, 2115/165/0 1:1:1, Inactive
745999, 2047401165, 2115/165/0 1:1:1, Inactive
746999, 2047401165, 2115/165/0 1:1:1, Inactive
747999, 2047401165, 2115/165/0 1:1:1, Inactive
748999, 2047401165, 2115/165/0 1:1:1, Inactive
749999, 2047401165, 2115/165/0 1:1:1, Inactive
750999, 2047401165, 2115/165/0 1:1:1, Inactive
752000, 2047401165, 2115/165/0 1:1:1, Inactive
752999, 2047401165, 2115/165/0 1:1:1, Inactive
753999, 2047401165, 2115/165/0 1:1:1, Inactive
755000, 2047401165, 2115/165/0 1:1:1, Inactive
755999, 2047401165, 2115/165/0 1:1:1, Inactive
756999, 2047401165, 2115/165/0 1:1:1, Inactive
757999, 2047401165, 2115/165/0 1:1:1, Inactive
759000, 2047401165, 2115/165/0 1:1:1, Inactive
759999, 2047401165, 2115/165/0 1:1:1, Inactive
760998, 2047401165, 2115/165/0 1:1:1, Inactive
761999, 2047401165, 2115/165/0 1:1:1, Inactive
762999, 2047401165, 2115/165/0 1:1:1, Inactive
764000, 2047401165, 2115/165/0 1:1:1, Inactive
764999, 2047401165, 2115/165/0 1:1:1, Inactive
766000, 2047401165, 2115/165/0 1:1:1, Inactive
766999, 2047401165, 2115/165/0 1:1:1, Inactive
768000, 2047401165, 2115/165/0 1:1:1, Inactive
768999, 2047401165, 2115/165/0 1:1:1, Inactive
769999, 2047401165, 2115/165/0 1:1:1, Inactive
770999, 2047401165, 2115/165/0 1:1:1, Inactive
771999, 2047401165, 2115/165/0 1:1:1, Inactive
772999, 2047401165, 2115/165/0 1:1:1, Inactive
773999, 2047401165, 2115/165/0 1:1:1, Inactive
775000, 2047401165, 2115/165/0 1:1:1, Inactive
775999, 2047401165, 2115/165/0 1:1:1, Inactive
776999, 2047401165, 2115/165/0 1:1:1, Inactive
777999, 2047401165, 2115/165/0 1:1:1, Inactive
778999, 2047401165, 2115/165/0 1:1:1, Inactive
779999, 2047401165, 2115/165/0 1:1:1, Inactive
780999, 2047401165, 2115/165/0 1:1:1, Inactive
781999, 2047401165, 2115/165/0 1:1:1, Inactive
782999, 2047401165, 2115/165/0 1:1:1, Inactive
784000, 2047401165, 2115/165/0 1:1:1, Inactive
784999, 2047401165, 2115/165/0 1:1:1, Inactive
785999, 2047401165, 2115/165/0 1:1:1, Inactive
786999, 2047401165, 2115/165/0 1:1:1, Inactive
787999, 2047401165, 2115/165/0 1:1:1, Inactive
788999, 2047401165, 2115/165/0 1:1:1, Inactive
789999, 2047401165, 2115/165/0 1:1:1, Inactive
790999, 2047401165, 2115/165/0 1:1:1, Inactive
791999, 2047401165, 2115/165/0 1:1:1, Inactive
792999, 2047401165, 2115/165/0 1:1:1, Inactive
793999, 2047401165, 2115/165/0 1:1:1, Inactive
794998, 2047401165, 2115/165/0 1:1:1, Inactive
795999, 2047401165, 2115/165/0 1:1:1, Inactive
796999, 2047401165, 2115/165/0 1:1:1, Inactive
797999, 2047401165, 2115/165/0 1:1:1, Inactive
798998, 2047401165, 2115/165/0 1:1:1, Inactive
800000, 2047401165, 2115/165/0 1:1:1, Inactive
800999, 2047401165, 2115/165/0 1:1:1, Inactive
801999, 2047401165, 2115/165/0 1:1:1, Inactive
802999, 2047401165, 2115/165/0 1:1:1, Inactive
803999, 2047401165, 2115/165/0 1:1:1, Inactive
805000, 2047401165, 2115/165/0 1:1:1, Inactive
805999, 2047401165, 2115/165/0 1:1:1, Inactive
806999, 2047401165, 2115/165/0 1:1:1, Inactive
807999, 2047401165, 2115/165/0 1:1:1, Inactive
809000, 2047401165, 2115/165/0 1:1:1, Inactive
809999, 2047401165, 2115/165/0 1:1:1, Inactive
810999, 2047401165, 2115/165/0 1:1:1, Inactive
811999, 2047401165, 2115/165/0 1:1:1, Inactive
812999, 2047401165, 2115/165/0 1:1:1, Inactive
814000, 2047401165, 2115/165/0 1:1:1, Inactive
814999, 2047401165, 2115/165/0 1:1:1, Inactive
816000, 2047401165, 2115/165/0 1:1:1, Inactive
816999, 2047401165, 2115/165/0 1:1:1, Inactive
817999, 2047401165, 2115/165/0 1:1:1, Active
818998, 2047401165, 2115/165/0 1:1:1, Active
819999, 2047401165, 2115/165/0 1:1:1, Inactive
820999, 2047401165, 2115/165/0 1:1:1, Inactive
821999, 2047401165, 2115/165/0 1:1:1, Inactive
822999, 2047401165, 2115/165/0 1:1:1, Inactive
823999, 2047401165, 2115/165/0 1:1:1, Inactive
824999, 2047401165, 2115/165/0 1:1:1, Inactive
825999, 2047401165, 2115/165/0 1:1:1, Inactive
826999, 2047401165, 2115/165/0 1:1:1, Inactive
827999, 2047401165, 2115/165/0 1:1:1, Inactive
828999, 2047401165, 2115/165/0 1:1:1, Inactive
829999, 2047401165, 2115/165/0 1:1:1, Inactive
830998, 2047401165, 2115/165/0 1:1:1, Inactive
832000, 2047401165, 2115/165/0 1:1:1, Inactive
832999, 2047401165, 2115/165/0 1:1:1, Inactive
833999, 2047401165, 2115/165/0 1:1:1, Inactive
834999, 2047401165, 2115/165/0 1:1:1, Inactive
835999, 2047401165, 2115/165/0 1:1:1, Inactive
837000, 2047401165, 2115/165/0 1:1:1, Inactive
837999, 2047401165, 2115/165/0 1:1:1, Inactive
838999, 2047401165, 2115/165/0 1:1:1, Inactive
839999, 2047401165, 2115/165/0 1:1:1, Inactive
840999, 2047401165, 2115/165/0 1:1:1, Inactive
841999, 2047401165, 2115/165/0 1:1:1, Inactive
842999, 2047401165, 2115/165/0 1:1:1, Inactive
843999, 2047401165, 2115/165/0 1:1:1, Inactive
844999, 2047401165, 2115/165/0 1:1:1, Inactive
845999, 2047401165, 2115/165/0 1:1:1, Inactive
846999, 2047401165, 2115/165/0 1:1:1, Inactive
848000, 2047401165, 2115/165/0 1:1:1, Inactive
848999, 2047401165, 2115/165/0 1:1:1, Inactive
849999, 2047401165, 2115/165/0 1:1:1, Inactive
850999, 2047401165, 2115/165/0 1:1:1, Inactive
851999, 2047401165, 2115/165/0 1:1:1, Inactive
852999, 2047401165, 2115/165/0 1:1:1, Inactive
853999, 2047401165, 2115/165/0 1:1:1, Inactive
855000, 2047401165, 2115/165/0 1:1:1, Inactive
855999, 2047401165, 2115/165/0 1:1:1, Inactive
856999, 2047401165, 2115/165/0 1:1:1, Inactive
857999, 2047401165, 2115/165/0 1:1:1, Inactive
858999, 2047401165, 2115/165/0 1:1:1, Inactive
859999, 2047401165, 2115/165/0 1:1:1, Inactive
860999, 2047401165, 2115/165/0 1:1:1, Inactive
861999, 2047401165, 2115/165/0 1:1:1, Inactive
862999, 2047401165, 2115/165/0 1:1:1, Inactive
864000, 2047401165, 2115/165/0 1:1:1, Inactive
864999, 2047401165, 2115/165/0 1:1:1, Inactive
865999, 2047401165, 2115/165/0 1:1:1, Inactive
866999, 2047401165, 2115/165/0 1:1:1, Inactive
867999, 2047401165, 2115/165/0 1:1:1, Inactive
869000, 2047401165, 2115/165/0 1:1:1, Inactive
869999, 2047401165, 2115/165/0 1:1:1, Inactive
870999, 2047401165, 2115/165/0 1:1:1, Active
871999, 2047401165, 2115/165/0 1:1:1, Active
872999, 2047401165, 2115/165/0 1:1:1, Active
873999, 2047401165, 2115/165/0 1:1:1, Inactive
874998, 2047401165, 2115/165/0 1:1:1, Inactive
875999, 2047401165, 2115/165/0 1:1:1, Inactive
876999, 2047401165, 2115/165/0 1:1:1, Inactive
877999, 2047401165, 2115/165/0 1:1:1, Inactive
878999, 2047401165, 2115/165/0 1:1:1, Inactive
880000, 2047401165, 2115/165/0 1:1:1, Inactive
880999, 2047401165, 2115/165/0 1:1:1, Inactive
881999, 2047401165, 2115/165/0 1:1:1, Inactive
882999, 2047401165, 2115/165/0 1:1:1, Inactive
883999, 2047401165, 2115/165/0 1:1:1, Inactive
884999, 2047401165, 2115/165/0 1:1:1, Inactive
885999, 2047401165, 2115/165/0 1:1:1, Inactive
886999, 2047401165, 2115/165/0 1:1:1, Inactive
887999, 2047401165, 2115/165/0 1:1:1, Inactive
888999, 2047401165, 2115/165/0 1:1:1, Inactive
889999, 2047401165, 2115/165/0 1:1:1, Inactive
890999, 2047401165, 2115/165/0 1:1:1, Inactive
892000, 2047401165, 2115/165/0 1:1:1, Inactive
892999, 2047401165, 2115/165/0 1:1:1, Inactive
893999, 2047401165, 2115/165/0 1:1:1, Inactive
894998, 2047401165, 2115/165/0 1:1:1, Inactive
896000, 2047401165, 2115/165/0 1:1:1, Inactive
896999, 2047401165, 2115/165/0 1:1:1, Inactive
897999, 2047401165, 2115/165/0 1:1:1, Inactive
898999, 2047401165, 2115/165/0 1:1:1, Inactive
899999, 2047401165, 2115/165/0 1:1:1, Inactive
901000, 2047401165, 2115/165/0 1:1:1, Inactive
901999, 2047401165, 2115/165/0 1:1:1, Inactive
902999, 2047401165, 2115/165/0 1:1:1, Inactive
903999, 2047401165, 2115/165/0 1:1:1, Inactive
905000, 2047401165, 2115/165/0 1:1:1, Inactive
905999, 2047401165, 2115/165/0 1:1:1, Inactive
906999, 2047401165, 2115/165/0 1:1:1, Inactive
907999, 2047401165, 2115/165/0 1:1:1, Inactive
908999, 2047401165, 2115/165/0 1:1:1, Inactive
909999, 2047401165, 2115/165/0 1:1:1, Inactive
910999, 2047401165, 2115/165/0 1:1:1, Inactive
912000, 2047401165, 2115/165/0 1:1:1, Inactive
912999, 2047401165, 2115/165/0 1:1:1, Inactive
913999, 2047401165, 2115/165/0 1:1:1, Inactive
914999, 2047401165, 2115/165/0 1:1:1, Inactive
915999, 2047401165, 2115/165/0 1:1:1, Inactive
917000, 2047401165, 2115/165/0 1:1:1, Inactive
917999, 2047401165, 2115/165/0 1:1:1, Inactive
918999, 2047401165, 2115/165/0 1:1:1, Inactive
919999, 2047401165, 2115/165/0 1:1:1, Inactive
920999, 2047401165, 2115/165/0 1:1:1, Inactive
921999, 2047401165, 2115/165/0 1:1:1, Inactive
922999, 2047401165, 2115/165/0 1:1:1, Inactive
923999, 2047401165, 2115/165/0 1:1:1, Inactive
924999, 2047401165, 2115/165/0 1:1:1, Inactive
925999, 2047401165, 2115/165/0 1:1:1, Inactive
926999, 2047401165, 2115/165/0 1:1:1, Inactive
928000, 2047401165, 2115/165/0 1:1:1, Inactive
928999, 2047401165, 2115/165/0 1:1:1, Inactive
929999, 2047401165, 2115/165/0 1:1:1, Inactive
930999, 2047401165, 2115/165/0 1:1:1, Inactive
931999, 2047401165, 2115/165/0 1:1:1, Inactive
933000, 2047401165, 2115/165/0 1:1:1, Inactive
933999, 2047401165, 2115/165/0 1:1:1, Inactive
934999, 2047401165, 2115/165/0 1:1:1, Inactive
935999, 2047401165, 2115/165/0 1:1:1, Inactive
936999, 2047401165, 2115/165/0 1:1:1, Inactive
937999, 2047401165, 2115/165/0 1:1:1, Inactive
938999, 2047401165, 2115/165/0 1:1:1, Inactive
939999, 2047401165, 2115/165/0 1:1:1, Inactive
940999, 2047401165, 2115/165/0 1:1:1, Inactive
941999, 2047401165, 2115/165/0 1:1:1, Inactive
942999, 2047401165, 2115/165/0 1:1:1, Inactive
944000, 2047401165, 2115/165/0 1:1:1, Inactive
944999, 2047401165, 2115/165/0 1:1:1, Inactive
945999, 2047401165, 2115/165/0 1:1:1, Inactive
946999, 2047401165, 2115/165/0 1:1:1, Inactive
947999, 2047401165, 2115/165/0 1:1:1, Inactive
948999, 2047401165, 2115/165/0 1:1:1, Inactive
949999, 2047401165, 2115/165/0 1:1:1, Inactive
950999, 2047401165, 2115/165/0 1:1:1, Inactive
951999, 2047401165, 2115/165/0 1:1:1, Inactive
952999, 2047401165, 2115/165/0 1:1:1, Inactive
953999, 2047401165, 2115/165/0 1:1:1, Inactive
954999, 2047401165, 2115/165/0 1:1:1, Inactive
955999, 2047401165, 2115/165/0 1:1:1, Inactive
956999, 2047401165, 2115/165/0 1:1:1, Inactive
957999, 2047401165, 2115/165/0 1:1:1, Inactive
958998, 2047401165, 2115/165/0 1:1:1, Inactive
960000, 2047401165, 2115/165/0 1:1:1, Inactive
960999, 2047401165, 2115/165/0 1:1:1, Inactive
961999, 2047401165, 2115/165/0 1:1:1, Inactive
962999, 2047401165, 2115/165/0 1:1:1, Inactive
963999, 2047401165, 2115/165/0 1:1:1, Inactive
965000, 2047401165, 2115/165/0 1:1:1, Inactive
965999, 2047401165, 2115/165/0 1:1:1, Inactive
966999, 2047401165, 2115/165/0 1:1:1, Inactive
967999, 2047401165, 2115/165/0 1:1:1, Inactive
968999, 2047401165, 2115/165/0 1:1:1, Inactive
969999, 2047401165, 2115/165/0 1:1:1, Inactive
970999, 2047401165, 2115/165/0 1:1:1, Inactive
971999, 2047401165, 2115/165/0 1:1:1, Inactive
972999, 2047401165, 2115/165/0 1:1:1, Inactive
973999, 2047401165, 2115/165/0 1:1:1, Inactive
974999, 2047401165, 2115/165/0 1:1:1, Inactive
975998, 2047401165, 2115/165/0 1:1:1, Inactive
976999, 2047401165, 2115/165/0 1:1:1, Inactive
977999, 2047401165, 2115/165/0 1:1:1, Inactive
978999, 2047401165, 2115/165/0 1:1:1, Inactive
979999, 2047401165, 2115/165/0 1:1:1, Inactive
981000, 2047401165, 2115/165/0 1:1:1, Inactive
981999, 2047401165, 2115/165/0 1:1:1, Inactive
982999, 2047401165, 2115/165/0 1:1:1, Inactive
983999, 2047401165, 2115/165/0 1:1:1, Inactive
984998, 2047401165, 2115/165/0 1:1:1, Inactive
985999, 2047401165, 2115/165/0 1:1:1, Inactive
986999, 2047401165, 2115/165/0 1:1:1, Inactive
987999, 2047401165, 2115/165/0 1:1:1, Inactive
988999, 2047401165, 2115/165/0 1:1:1, Inactive
989999, 2047401165, 2115/165/0 1:1:1, Inactive
990998, 2047401165, 2115/165/0 1:1:1, Inactive
992000, 2047401165, 2115/165/0 1:1:1, Inactive
993000, 2047401165, 2115/165/0 1:1:1, Inactive
993999, 2047401165, 2115/165/0 1:1:1, Inactive
994999, 2047401165, 2115/165/0 1:1:1, Inactive
995999, 2047401165, 2115/165/0 1:1:1, Inactive
997000, 2047401165, 2115/165/0 1:1:1, Inactive
997999, 2047401165, 2115/165/0 1:1:1, Inactive
998999, 2047401165, 2115/165/0 1:1:1, Inactive
999999, 2047401165, 2115/165/0 1:1:1, Inactive
1000999, 2047401165, 2115/165/0 1:1:1, Active
1001999, 2047401165, 2115/165/0 1:1:1, Active
1002999, 2047401165, 2115/165/0 1:1:1, Active
1004000, 2047401165, 2115/165/0 1:1:1, Inactive
1004999, 2047401165, 2115/165/0 1:1:1, Inactive
1005999, 2047401165, 2115/165/0 1:1:1, Inactive
1006999, 2047401165, 2115/165/0 1:1:1, Inactive
1008000, 2047401165, 2115/165/0 1:1:1, Inactive
1008999, 2047401165, 2115/165/0 1:1:1, Inactive
1009999, 2047401165, 2115/165/0 1:1:1, Inactive
1010999, 2047401165, 2115/165/0 1:1:1, Inactive
1011999, 2047401165, 2115/165/0 1:1:1, Inactive
1013000, 2047401165, 2115/165/0 1:1:1, Inactive
1013999, 2047401165, 2115/165/0 1:1:1, Inactive
1014999, 2047401165, 2115/165/0 1:1:1, Inactive
1015999, 2047401165, 2115/165/0 1:1:1, Inactive
1016999, 2047401165, 2115/165/0 1:1:1, Inactive
1017999, 2047401165, 2115/165/0 1:1:1, Inactive
1018999, 2047401165, 2115/165/0 1:1:1, Inactive
1019999, 2047401165, 2115/165/0 1:1:1, Inactive
1020999, 2047401165, 2115/165/0 1:1:1, Inactive
1021999, 2047401165, 2115/165/0 1:1:1, Inactive
1022999, 2047401165, 2115/165/0 1:1:1, Inactive
1024000, 2047401165, 2115/165/0 1:1:1, Inactive
1024999, 2047401165, 2115/165/0 1:1:1, Inactive
1025999, 2047401165, 2115/165/0 1:1:1, Inactive
1026999, 2047401165, 2115/165/0 1:1:1, Inactive
1027999, 2047401165, 2115/165/0 1:1:1, Inactive
1028999, 2047401165, 2115/165/0 1:1:1, Inactive
1029999, 2047401165, 2115/165/0 1:1:1, Inactive
1030999, 2047401165, 2115/165/0 1:1:1, Inactive
1031999, 2047401165, 2115/165/0 1:1:1, Inactive
1032999, 2047401165, 2115/165/0 1:1:1, Inactive
1033999, 2047401165, 2115/165/0 1:1:1, Inactive
1034999, 2047401165, 2115/165/0 1:1:1, Inactive
1035999, 2047401165, 2115/165/0 1:1:1, Inactive
1036998, 2047401165, 2115/165/0 1:1:1, Inactive
1038000, 2047401165, 2115/165/0 1:1:1, Inactive
1038999, 2047401165, 2115/165/0 1:1:1, Inactive
1040000, 2047401165, 2115/165/0 1:1:1, Inactive
1040999, 2047401165, 2115/165/0 1:1:1, Inactive
1041999, 2047401165, 2115/165/0 1:1:1, Inactive
1042999, 2047401165, 2115/165/0 1:1:1, Inactive
1043998, 2047401165, 2115/165/0 1:1:1, Inactive
1044999, 2047401165, 2115/165/0 1:1:1, Inactive
1045999, 2047401165, 2115/165/0 1:1:1, Inactive
1047000, 2047401165, 2115/165/0 1:1:1, Inactive
1047999, 2047401165, 2115/165/0 1:1:1, Inactive
1048999, 2047401165, 2115/165/0 1:1:1, Inactive
1049999, 2047401165, 2115/165/0 1:1:1, Inactive
1050999, 2047401165, 2115/165/0 1:1:1, Inactive
1051999, 2047401165, 2115/165/0 1:1:1, Inactive
1052999, 2047401165, 2115/165/0 1:1:1, Inactive
1054000, 2047401165, 2115/165/0 1:1:1, Inactive
1054999, 2047401165, 2115/165/0 1:1:1, Inactive
1056000, 2047401165, 2115/165/0 1:1:1, Inactive
1056999, 2047401165, 2115/165/0 1:1:1, Inactive
1057999, 2047401165, 2115/165/0 1:1:1, Inactive
1058999, 2047401165, 2115/165/0 1:1:1, Inactive
1059999, 2047401165, 2115/165/0 1:1:1, Inactive
1060999, 2047401165, 2115/165/0 1:1:1, Inactive
1061999, 2047401165, 2115/165/0 1:1:1, Inactive
1063000, 2047401165, 2115/165/0 1:1:1, Inactive
1063999, 2047401165, 2115/165/0 1:1:1, Inactive
1064999, 2047401165, 2115/165/0 1:1:1, Inactive
1065999, 2047401165, 2115/165/0 1:1:1, Inactive
1066999, 2047401165, 2115/165/0 1:1:1, Inactive
1067999, 2047401165, 2115/165/0 1:1:1, Inactive
1068999, 2047401165, 2115/165/0 1:1:1, Inactive
1069999, 2047401165, 2115/165/0 1:1:1, Inactive
1070999, 2047401165, 2115/165/0 1:1:1, Inactive
1072000, 2047401165, 2115/165/0 1:1:1, Inactive
1072999, 2047401165, 2115/165/0 1:1:1, Inactive
1073999, 2047401165, 2115/165/0 1:1:1, Inactive
1074999, 2047401165, 2115/165/0 1:1:1, Inactive
1075999, 2047401165, 2115/165/0 1:1:1, Inactive
1076999, 2047401165, 2115/165/0 1:1:1, Inactive
1077999, 2047401165, 2115/165/0 1:1:1, Inactive
1079000, 2047401165, 2115/165/0 1:1:1, Inactive
1079999, 2047401165, 2115/165/0 1:1:1, Inactive
1080999, 2047401165, 2115/165/0 1:1:1, Inactive
1081999, 2047401165, 2115/165/0 1:1:1, Inactive
1082999, 2047401165, 2115/165/0 1:1:1, Inactive
1084000, 2047401165, 2115/165/0 1:1:1, Inactive
1084999, 2047401165, 2115/165/0 1:1:1, Inactive
1086000, 2047401165, 2115/165/0 1:1:1, Inactive
1086999, 2047401165, 2115/165/0 1:1:1, Inactive
1088000, 2047401165, 2115/165/0 1:1:1, Inactive
1088999, 2047401165, 2115/165/0 1:1:1, Inactive
1089999, 2047401165, 2115/165/0 1:1:1, Inactive
1090999, 2047401165, 2115/165/0 1:1:1, Inactive
1091999, 2047401165, 2115/165/0 1:1:1, Inactive
1093000, 2047401165, 2115/165/0 1:1:1, Inactive
1093999, 2047401165, 2115/165/0 1:1:1, Inactive
1094999, 2047401165, 2115/165/0 1:1:1, Inactive
1095999, 2047401165, 2115/165/0 1:1:1, Inactive
1096999, 2047401165, 2115/165/0 1:1:1, Inactive
1097999, 2047401165, 2115/165/0 1:1:1, Inactive
1098999, 2047401165, 2115/165/0 1:1:1, Inactive
1099999, 2047401165, 2115/165/0 1:1:1, Inactive
1100999, 2047401165, 2115/165/0 1:1:1, Inactive
1101999, 2047401165, 2115/165/0 1:1:1, Inactive
1102999, 2047401165, 2115/165/0 1:1:1, Inactive
1104000, 2047401165, 2115/165/0 1:1:1, Inactive
1104999, 2047401165, 2115/165/0 1:1:1, Inactive
1105999, 2047401165, 2115/165/0 1:1:1, Inactive
1106999, 2047401165, 2115/165/0 1:1:1, Inactive
1107999, 2047401165, 2115/165/0 1:1:1, Inactive
1108999, 2047401165, 2115/165/0 1:1:1, Inactive
1109999, 2047401165, 2115/165/0 1:1:1, Inactive
1111000, 2047401165, 2115/165/0 1:1:1, Inactive
1112000, 2047401165, 2115/165/0 1:1:1, Inactive
1112999, 2047401165, 2115/165/0 1:1:1, Inactive
1113999, 2047401165, 2115/165/0 1:1:1, Inactive
1114999, 2047401165, 2115/165/0 1:1:1, Inactive
1115999, 2047401165, 2115/165/0 1:1:1, Inactive
1116999, 2047401165, 2115/165/0 1:1:1, Inactive
1117999, 2047401165, 2115/165/0 1:1:1, Inactive
1118999, 2047401165, 2115/165/0 1:1:1, Inactive
1120000, 2047401165, 2115/165/0 1:1:1, Inactive
1120999, 2047401165, 2115/165/0 1:1:1, Inactive
1121999, 2047401165, 2115/165/0 1:1:1, Inactive
1122999, 2047401165, 2115/165/0 1:1:1, Inactive
1123999, 2047401165, 2115/165/0 1:1:1, Inactive
1124999, 2047401165, 2115/165/0 1:1:1, Inactive
1125999, 2047401165, 2115/165/0 1:1:1, Inactive
1126999, 2047401165, 2115/165/0 1:1:1, Inactive
1127999, 2047401165, 2115/165/0 1:1:1, Inactive
1128999, 2047401165, 2115/165/0 1:1:1, Inactive
1129999, 2047401165, 2115/165/0 1:1:1, Inactive
1130999, 2047401165, 2115/165/0 1:1:1, Inactive
1131999, 2047401165, 2115/165/0 1:1:1, Inactive
1132999, 2047401165, 2115/165/0 1:1:1, Inactive
1133999, 2047401165, 2115/165/0 1:1:1, Inactive
1134999, 2047401165, 2115/165/0 1:1:1, Inactive
1136000, 2047401165, 2115/165/0 1:1:1, Inactive
1136999, 2047401165, 2115/165/0 1:1:1, Inactive
1137999, 2047401165, 2115/165/0 1:1:1, Inactive
1138999, 2047401165, 2115/165/0 1:1:1, Inactive
1139999, 2047401165, 2115/165/0 1:1:1, Inactive
1140999, 2047401165, 2115/165/0 1:1:1, Inactive
1141999, 2047401165, 2115/165/0 1:1:1, Inactive
1143000, 2047401165, 2115/165/0 1:1:1, Inactive
1143999, 2047401165, 2115/165/0 1:1:1, Inactive
1144999, 2047401165, 2115/165/0 1:1:1, Inactive
1145999, 2047401165, 2115/165/0 1:1:1, Inactive
1146999, 2047401165, 2115/165/0 1:1:1, Inactive
1147999, 2047401165, 2115/165/0 1:1:1, Inactive
1148998, 2047401165, 2115/165/0 1:1:1, Inactive
1149999, 2047401165, 2115/165/0 1:1:1, Inactive
1150999, 2047401165, 2115/165/0 1:1:1, Inactive
1152000, 2047401165, 2115/165/0 1:1:1, Inactive
1152999, 2047401165, 2115/165/0 1:1:1, Inactive
1153999, 2047401165, 2115/165/0 1:1:1, Inactive
1154999, 2047401165, 2115/165/0 1:1:1, Inactive
1155999, 2047401165, 2115/165/0 1:1:1, Inactive
1156998, 2047401165, 2115/165/0 1:1:1, Inactive
1157999, 2047401165, 2115/165/0 1:1:1, Inactive
1159000, 2047401165, 2115/165/0 1:1:1, Inactive
1159999, 2047401165, 2115/165/0 1:1:1, Inactive
1160999, 2047401165, 2115/165/0 1:1:1, Inactive
1161999, 2047401165, 2115/165/0 1:1:1, Inactive
1162999, 2047401165, 2115/165/0 1:1:1, Inactive
1163999, 2047401165, 2115/165/0 1:1:1, Inactive
1164999, 2047401165, 2115/165/0 1:1:1, Inactive
1165999, 2047401165, 2115/165/0 1:1:1, Inactive
1166999, 2047401165, 2115/165/0 1:1:1, Inactive
1168000, 2047401165, 2115/165/0 1:1:1, Inactive
1168999, 2047401165, 2115/165/0 1:1:1, Inactive
1169999, 2047401165, 2115/165/0 1:1:1, Inactive
1170999, 2047401165, 2115/165/0 1:1:1, Inactive
1171999, 2047401165, 2115/165/0 1:1:1, Inactive
1172999, 2047401165, 2115/165/0 1:1:1, Inactive
1173999, 2047401165, 2115/165/0 1:1:1, Inactive
1175000, 2047401165, 2115/165/0 1:1:1, Inactive
1175999, 2047401165, 2115/165/0 1:1:1, Inactive
1176999, 2047401165, 2115/165/0 1:1:1, Inactive
1177999, 2047401165, 2115/165/0 1:1:1, Inactive
1178999, 2047401165, 2115/165/0 1:1:1, Inactive
1180000, 2047401165, 2115/165/0 1:1:1, Inactive
1180999, 2047401165, 2115/165/0 1:1:1, Inactive
1181999, 2047401165, 2115/165/0 1:1:1, Inactive
1182999, 2047401165, 2115/165/0 1:1:1, Inactive
1184000, 2047401165, 2115/165/0 1:1:1, Inactive
1184999, 2047401165, 2115/165/0 1:1:1, Inactive
1185999, 2047401165, 2115/165/0 1:1:1, Inactive
1186999, 2047401165, 2115/165/0 1:1:1, Inactive
1187998, 2047401165, 2115/165/0 1:1:1, Inactive
1188999, 2047401165, 2115/165/0 1:1:1, Inactive
1189999, 2047401165, 2115/165/0 1:1:1, Inactive
1191000, 2047401165, 2115/165/0 1:1:1, Inactive
1191999, 2047401165, 2115/165/0 1:1:1, Inactive
1192999, 2047401165, 2115/165/0 1:1:1, Inactive
1193999, 2047401165, 2115/165/0 1:1:1, Inactive
1194999, 2047401165, 2115/165/0 1:1:1, Inactive
1196000, 2047401165, 2115/165/0 1:1:1, Inactive
1196999, 2047401165, 2115/165/0 1:1:1, Inactive
1197999, 2047401165, 2115/165/0 1:1:1, Inactive
1198999, 2047401165, 2115/165/0 1:1:1, Inactive
1199998, 2047401165, 2115/165/0 1:1:1, Inactive
1200999, 2047401165, 2115/165/0 1:1:1, Inactive
1201999, 2047401165, 2115/165/0 1:1:1, Inactive
1202999, 2047401165, 2115/165/0 1:1:1, Inactive
1203999, 2047401165, 2115/165/0 1:1:1, Inactive
1204999, 2047401165, 2115/165/0 1:1:1, Inactive
1205999, 2047401165, 2115/165/0 1:1:1, Inactive
1207000, 2047401165, 2115/165/0 1:1:1, Inactive
1207999, 2047401165, 2115/165/0 1:1:1, Inactive
1208999, 2047401165, 2115/165/0 1:1:1, Inactive
1209999, 2047401165, 2115/165/0 1:1:1, Inactive
1210999, 2047401165, 2115/165/0 1:1:1, Inactive
1211999, 2047401165, 2115/165/0 1:1:1, Inactive
1212999, 2047401165, 2115/165/0 1:1:1, Inactive
1213999, 2047401165, 2115/165/0 1:1:1, Inactive
1214999, 2047401165, 2115/165/0 1:1:1, Inactive
1216000, 2047401165, 2115/165/0 1:1:1, Inactive
1216999, 2047401165, 2115/165/0 1:1:1, Inactive
1217999, 2047401165, 2115/165/0 1:1:1, Inactive
1218999, 2047401165, 2115/165/0 1:1:1, Inactive
1219999, 2047401165, 2115/165/0 1:1:1, Inactive
1220999, 2047401165, 2115/165/0 1:1:1, Inactive
1221999, 2047401165, 2115/165/0 1:1:1, Inactive
1223000, 2047401165, 2115/165/0 1:1:1, Inactive
1223999, 2047401165, 2115/165/0 1:1:1, Inactive
1224999, 2047401165, 2115/165/0 1:1:1, Inactive
1225999, 2047401165, 2115/165/0 1:1:1, Inactive
1226999, 2047401165, 2115/165/0 1:1:1, Inactive
1227999, 2047401165, 2115/165/0 1:1:1, Inactive
1228999, 2047401165, 2115/165/0 1:1:1, Inactive
1229999, 2047401165, 2115/165/0 1:1:1, Inactive
1230999, 2047401165, 2115/165/0 1:1:1, Inactive
1232000, 2047401165, 2115/165/0 1:1:1, Inactive
1232999, 2047401165, 2115/165/0 1:1:1, Inactive
1233998, 2047401165, 2115/165/0 1:1:1, Inactive
1234999, 2047401165, 2115/165/0 1:1:1, Inactive
1235999, 2047401165, 2115/165/0 1:1:1, Inactive
1236999, 2047401165, 2115/165/0 1:1:1, Inactive
1237999, 2047401165, 2115/165/0 1:1:1, Inactive
1238999, 2047401165, 2115/165/0 1:1:1, Inactive
1239999, 2047401165, 2115/165/0 1:1:1, Inactive
1240999, 2047401165, 2115/165/0 1:1:1, Inactive
1241999, 2047401165, 2115/165/0 1:1:1, Inactive
1242999, 2047401165, 2115/165/0 1:1:1, Inactive
1243999, 2047401165, 2115/165/0 1:1:1, Inactive
1244999, 2047401165, 2115/165/0 1:1:1, Inactive
1245999, 2047401165, 2115/165/0 1:1:1, Inactive
1246999, 2047401165, 2115/165/0 1:1:1, Inactive
1248000, 2047401165, 2115/165/0 1:1:1, Inactive
1248999, 2047401165, 2115/165/0 1:1:1, Inactive
1249999, 2047401165, 2115/165/0 1:1:1, Inactive
1250998, 2047401165, 2115/165/0 1:1:1, Inactive
1251999, 2047401165, 2115/165/0 1:1:1, Inactive
1253000, 2047401165, 2115/165/0 1:1:1, Inactive
1253999, 2047401165, 2115/165/0 1:1:1, Inactive
1254999, 2047401165, 2115/165/0 1:1:1, Inactive
1255999, 2047401165, 2115/165/0 1:1:1, Inactive
1256999, 2047401165, 2115/165/0 1:1:1, Inactive
1257999, 2047401165, 2115/165/0 1:1:1, Inactive
1258999, 2047401165, 2115/165/0 1:1:1, Inactive
1259999, 2047401165, 2115/165/0 1:1:1, Inactive
1260999, 2047401165, 2115/165/0 1:1:1, Inactive
1261999, 2047401165, 2115/165/0 1:1:1, Inactive
1262998, 2047401165, 2115/165/0 1:1:1, Inactive
1264000, 2047401165, 2115/165/0 1:1:1, Inactive
1264999, 2047401165, 2115/165/0 1:1:1, Inactive
1265999, 2047401165, 2115/165/0 1:1:1, Inactive
1266999, 2047401165, 2115/165/0 1:1:1, Active
1267999, 2047401165, 2115/165/0 1:1:1, Active
1268999, 2047401165, 2115/165/0 1:1:1, Inactive
1269999, 2047401165, 2115/165/0 1:1:1, Inactive
1271000, 2047401165, 2115/165/0 1:1:1, Inactive
1271999, 2047401165, 2115/165/0 1:1:1, Inactive
1272999, 2047401165, 2115/165/0 1:1:1, Inactive
1273999, 2047401165, 2115/165/0 1:1:1, Inactive
1274999, 2047401165, 2115/165/0 1:1:1, Inactive
1275999, 2047401165, 2115/165/0 1:1:1, Inactive
1276999, 2047401165, 2115/165/0 1:1:1, Inactive
1277999, 2047401165, 2115/165/0 1:1:1, Inactive
1278999, 2047401165, 2115/165/0 1:1:1, Active
1280000, 2047401165, 2115/165/0 1:1:1, Active
1280999, 2047401165, 2115/165/0 1:1:1, Active
1281999, 2047401165, 2115/165/0 1:1:1, Inactive
1282999, 2047401165, 2115/165/0 1:1:1, Inactive
1283999, 2047401165, 2115/165/0 1:1:1, Inactive
1284999, 2047401165, 2115/165/0 1:1:1, Inactive
1285999, 2047401165, 2115/165/0 1:1:1, Inactive
1286999, 2047401165, 2115/165/0 1:1:1, Inactive
1287999, 2047401165, 2115/165/0 1:1:1, Inactive
1288999, 2047401165, 2115/165/0 1:1:1, Inactive
1289999, 2047401165, 2115/165/0 1:1:1, Inactive
1290999, 2047401165, 2115/165/0 1:1:1, Inactive
1291999, 2047401165, 2115/165/0 1:1:1, Inactive
1292999, 2047401165, 2115/165/0 1:1:1, Inactive
1293999, 2047401165, 2115/165/0 1:1:1, Inactive
1294999, 2047401165, 2115/165/0 1:1:1, Inactive
1296000, 2047401165, 2115/165/0 1:1:1, Inactive
1296999, 2047401165, 2115/165/0 1:1:1, Inactive
1297999, 2047401165, 2115/165/0 1:1:1, Inactive
1298999, 2047401165, 2115/165/0 1:1:1, Inactive
1299999, 2047401165, 2115/165/0 1:1:1, Inactive
1300999, 2047401165, 2115/165/0 1:1:1, Inactive
1301999, 2047401165, 2115/165/0 1:1:1, Inactive
1302999, 2047401165, 2115/165/0 1:1:1, Inactive
1303999, 2047401165, 2115/165/0 1:1:1, Inactive
1304999, 2047401165, 2115/165/0 1:1:1, Inactive
1305999, 2047401165, 2115/165/0 1:1:1, Inactive
1306999, 2047401165, 2115/165/0 1:1:1, Inactive
1308000, 2047401165, 2115/165/0 1:1:1, Inactive
1308999, 2047401165, 2115/165/0 1:1:1, Inactive
1309999, 2047401165, 2115/165/0 1:1:1, Inactive
1310999, 2047401165, 2115/165/0 1:1:1, Inactive
1312000, 2047401165, 2115/165/0 1:1:1, Inactive
1312999, 2047401165, 2115/165/0 1:1:1, Inactive
1313999, 2047401165, 2115/165/0 1:1:1, Inactive
1314999, 2047401165, 2115/165/0 1:1:1, Inactive
1315999, 2047401165, 2115/165/0 1:1:1, Inactive
1316999, 2047401165, 2115/165/0 1:1:1, Inactive
1317999, 2047401165, 2115/165/0 1:1:1, Inactive
1319000, 2047401165, 2115/165/0 1:1:1, Inactive
1319999, 2047401165, 2115/165/0 1:1:1, Inactive
1320999, 2047401165, 2115/165/0 1:1:1, Inactive
1321999, 2047401165, 2115/165/0 1:1:1, Inactive
1322999, 2047401165, 2115/165/0 1:1:1, Inactive
1324000, 2047401165, 2115/165/0 1:1:1, Inactive
1324999, 2047401165, 2115/165/0 1:1:1, Inactive
1325999, 2047401165, 2115/165/0 1:1:1, Inactive
1326999, 2047401165, 2115/165/0 1:1:1, Inactive
1328000, 2047401165, 2115/165/0 1:1:1, Inactive
1328999, 2047401165, 2115/165/0 1:1:1, Inactive
1329999, 2047401165, 2115/165/0 1:1:1, Inactive
1330999, 2047401165, 2115/165/0 1:1:1, Inactive
1331999, 2047401165, 2115/165/0 1:1:1, Inactive
1332999, 2047401165, 2115/165/0 1:1:1, Inactive
1333999, 2047401165, 2115/165/0 1:1:1, Inactive
1334999, 2047401165, 2115/165/0 1:1:1, Inactive
1335999, 2047401165, 2115/165/0 1:1:1, Inactive
1336999, 2047401165, 2115/165/0 1:1:1, Inactive
1337999, 2047401165, 2115/165/0 1:1:1, Inactive
1338999, 2047401165, 2115/165/0 1:1:1, Inactive
1339999, 2047401165, 2115/165/0 1:1:1, Inactive
1340999, 2047401165, 2115/165/0 1:1:1, Inactive
1341999, 2047401165, 2115/165/0 1:1:1, Inactive
1342999, 2047401165, 2115/165/0 1:1:1, Inactive
1344000, 2047401165, 2115/165/0 1:1:1, Inactive
1344999, 2047401165, 2115/165/0 1:1:1, Inactive
1345999, 2047401165, 2115/165/0 1:1:1, Inactive
1346999, 2047401165, 2115/165/0 1:1:1, Inactive
1347999, 2047401165, 2115/165/0 1:1:1, Inactive
1348999, 2047401165, 2115/165/0 1:1:1, Inactive
1349999, 2047401165, 2115/165/0 1:1:1, Inactive
1351000, 2047401165, 2115/165/0 1:1:1, Inactive
1351999, 2047401165, 2115/165/0 1:1:1, Inactive
1352999, 2047401165, 2115/165/0 1:1:1, Inactive
1353999, 2047401165, 2115/165/0 1:1:1, Inactive
1354999, 2047401165, 2115/165/0 1:1:1, Inactive
1355999, 2047401165, 2115/165/0 1:1:1, Inactive
1356999, 2047401165, 2115/165/0 1:1:1, Inactive
1358000, 2047401165, 2115/165/0 1:1:1, Inactive
1358999, 2047401165, 2115/165/0 1:1:1, Inactive
1360000, 2047401165, 2115/165/0 1:1:1, Inactive
1360999, 2047401165, 2115/165/0 1:1:1, Inactive
1361999, 2047401165, 2115/165/0 1:1:1, Inactive
1362999, 2047401165, 2115/165/0 1:1:1, Inactive
1363999, 2047401165, 2115/165/0 1:1:1, Inactive
1365000, 2047401165, 2115/165/0 1:1:1, Inactive
1365999, 2047401165, 2115/165/0 1:1:1, Inactive
1366999, 2047401165, 2115/165/0 1:1:1, Inactive
1367999, 2047401165, 2115/165/0 1:1:1, Inactive
1368999, 2047401165, 2115/165/0 1:1:1, Inactive
1369999, 2047401165, 2115/165/0 1:1:1, Inactive
1370999, 2047401165, 2115/165/0 1:1:1, Inactive
1372000, 2047401165, 2115/165/0 1:1:1, Inactive
1372999, 2047401165, 2115/165/0 1:1:1, Inactive
1373999, 2047401165, 2115/165/0 1:1:1, Inactive
1374999, 2047401165, 2115/165/0 1:1:1, Inactive
1376000, 2047401165, 2115/165/0 1:1:1, Inactive
1376999, 2047401165, 2115/165/0 1:1:1, Inactive
1377999, 2047401165, 2115/165/0 1:1:1, Inactive
1378999, 2047401165, 2115/165/0 1:1:1, Inactive
1379999, 2047401165, 2115/165/0 1:1:1, Inactive
1380999, 2047401165, 2115/165/0 1:1:1, Inactive
1381999, 2047401165, 2115/165/0 1:1:1, Inactive
1383000, 2047401165, 2115/165/0 1:1:1, Inactive
1383999, 2047401165, 2115/165/0 1:1:1, Active
1384999, 2047401165, 2115/165/0 1:1:1, Active
1385999, 2047401165, 2115/165/0 1:1:1, Active
1386999, 2047401165, 2115/165/0 1:1:1, Inactive
1387999, 2047401165, 2115/165/0 1:1:1, Inactive
1388999, 2047401165, 2115/165/0 1:1:1, Inactive
1389999, 2047401165, 2115/165/0 1:1:1, Inactive
1390999, 2047401165, 2115/165/0 1:1:1, Inactive
1392000, 2047401165, 2115/165/0 1:1:1, Inactive
1392999, 2047401165, 2115/165/0 1:1:1, Inactive
1393999, 2047401165, 2115/165/0 1:1:1, Inactive
1394999, 2047401165, 2115/165/0 1:1:1, Inactive
1395999, 2047401165, 2115/165/0 1:1:1, Inactive
1396999, 2047401165, 2115/165/0 1:1:1, Inactive
1397999, 2047401165, 2115/165/0 1:1:1, Inactive
1398999, 2047401165, 2115/165/0 1:1:1, Inactive
1399999, 2047401165, 2115/165/0 1:1:1, Inactive
1400999, 2047401165, 2115/165/0 1:1:1, Inactive
1401999, 2047401165, 2115/165/0 1:1:1, Inactive
1402999, 2047401165, 2115/165/0 1:1:1, Inactive
1404000, 2047401165, 2115/165/0 1:1:1, Inactive
1404999, 2047401165, 2115/165/0 1:1:1, Inactive
1405999, 2047401165, 2115/165/0 1:1:1, Inactive
1406999, 2047401165, 2115/165/0 1:1:1, Inactive
1408000, 2047401165, 2115/165/0 1:1:1, Inactive
1408999, 2047401165, 2115/165/0 1:1:1, Inactive
1409998, 2047401165, 2115/165/0 1:1:1, Inactive
1410999, 2047401165, 2115/165/0 1:1:1, Inactive
1411999, 2047401165, 2115/165/0 1:1:1, Inactive
1413000, 2047401165, 2115/165/0 1:1:1, Inactive
1413999, 2047401165, 2115/165/0 1:1:1, Inactive
1414999, 2047401165, 2115/165/0 1:1:1, Inactive
1415999, 2047401165, 2115/165/0 1:1:1, Inactive
1416999, 2047401165, 2115/165/0 1:1:1, Inactive
1417999, 2047401165, 2115/165/0 1:1:1, Inactive
1418999, 2047401165, 2115/165/0 1:1:1, Inactive
1420000, 2047401165, 2115/165/0 1:1:1, Inactive
1420999, 2047401165, 2115/165/0 1:1:1, Inactive
1421999, 2047401165, 2115/165/0 1:1:1, Inactive
1422999, 2047401165, 2115/165/0 1:1:1, Inactive
1424000, 2047401165, 2115/165/0 1:1:1, Inactive
1424999, 2047401165, 2115/165/0 1:1:1, Inactive
1425999, 2047401165, 2115/165/0 1:1:1, Inactive
1426999, 2047401165, 2115/165/0 1:1:1, Inactive
1427999, 2047401165, 2115/165/0 1:1:1, Inactive
1429000, 2047401165, 2115/165/0 1:1:1, Inactive
1429999, 2047401165, 2115/165/0 1:1:1, Inactive
1430999, 2047401165, 2115/165/0 1:1:1, Inactive
1431999, 2047401165, 2115/165/0 1:1:1, Inactive
1432999, 2047401165, 2115/165/0 1:1:1, Inactive
1433999, 2047401165, 2115/165/0 1:1:1, Inactive
1434999, 2047401165, 2115/165/0 1:1:1, Inactive
1436000, 2047401165, 2115/165/0 1:1:1, Inactive
1436999, 2047401165, 2115/165/0 1:1:1, Inactive
1437999, 2047401165, 2115/165/0 1:1:1, Inactive
1438999, 2047401165, 2115/165/0 1:1:1, Inactive
1439998, 2047401165, 2115/165/0 1:1:1, Inactive
1440999, 2047401165, 2115/165/0 1:1:1, Inactive
1441999, 2047401165, 2115/165/0 1:1:1, Inactive
1442999, 2047401165, 2115/165/0 1:1:1, Inactive
1443999, 2047401165, 2115/165/0 1:1:1, Inactive
1444999, 2047401165, 2115/165/0 1:1:1, Inactive
1445999, 2047401165, 2115/165/0 1:1:1, Inactive
1446999, 2047401165, 2115/165/0 1:1:1, Inactive
1447999, 2047401165, 2115/165/0 1:1:1, Inactive
1448999, 2047401165, 2115/165/0 1:1:1, Inactive
1449999, 2047401165, 2115/165/0 1:1:1, Inactive
1450999, 2047401165, 2115/165/0 1:1:1, Inactive
1451998, 2047401165, 2115/165/0 1:1:1, Inactive
1452999, 2047401165, 2115/165/0 1:1:1, Inactive
1453999, 2047401165, 2115/165/0 1:1:1, Inactive
1454999, 2047401165, 2115/165/0 1:1:1, Inactive
1456000, 2047401165, 2115/165/0 1:1:1, Inactive
1456999, 2047401165, 2115/165/0 1:1:1, Inactive
1457999, 2047401165, 2115/165/0 1:1:1, Inactive
1458999, 2047401165, 2115/165/0 1:1:1, Inactive
1459999, 2047401165, 2115/165/0 1:1:1, Inactive
1460999, 2047401165, 2115/165/0 1:1:1, Inactive
1461999, 2047401165, 2115/165/0 1:1:1, Inactive
1463000, 2047401165, 2115/165/0 1:1:1, Inactive
1463999, 2047401165, 2115/165/0 1:1:1, Inactive
1464999, 2047401165, 2115/165/0 1:1:1, Inactive
1465999, 2047401165, 2115/165/0 1:1:1, Inactive
1466999, 2047401165, 2115/165/0 1:1:1, Inactive
1467999, 2047401165, 2115/165/0 1:1:1, Inactive
1468999, 2047401165, 2115/165/0 1:1:1, Inactive
1469999, 2047401165, 2115/165/0 1:1:1, Inactive
1470999, 2047401165, 2115/165/0 1:1:1, Inactive
1472000, 2047401165, 2115/165/0 1:1:1, Active
1472999, 2047401165, 2115/165/0 1:1:1, Active
1473999, 2047401165, 2115/165/0 1:1:1, Inactive
1474999, 2047401165, 2115/165/0 1:1:1, Inactive
1475999, 2047401165, 2115/165/0 1:1:1, Inactive
1477000, 2047401165, 2115/165/0 1:1:1, Inactive
1478000, 2047401165, 2115/165/0 1:1:1, Inactive
1478999, 2047401165, 2115/165/0 1:1:1, Inactive
1479999, 2047401165, 2115/165/0 1:1:1, Inactive
1480999, 2047401165, 2115/165/0 1:1:1, Inactive
1481999, 2047401165, 2115/165/0 1:1:1, Inactive
1482998, 2047401165, 2115/165/0 1:1:1, Inactive
1483999, 2047401165, 2115/165/0 1:1:1, Active
1484999, 2047401165, 2115/165/0 1:1:1, Active
1485999, 2047401165, 2115/165/0 1:1:1, Active
1486999, 2047401165, 2115/165/0 1:1:1, Inactive
1488000, 2047401165, 2115/165/0 1:1:1, Inactive
1488999, 2047401165, 2115/165/0 1:1:1, Inactive
1489999, 2047401165, 2115/165/0 1:1:1, Inactive
1490999, 2047401165, 2115/165/0 1:1:1, Inactive
1491999, 2047401165, 2115/165/0 1:1:1, Inactive
1492999, 2047401165, 2115/165/0 1:1:1, Inactive
1493999, 2047401165, 2115/165/0 1:1:1, Inactive
1495000, 2047401165, 2115/165/0 1:1:1, Inactive
1495999, 2047401165, 2115/165/0 1:1:1, Inactive
1496999, 2047401165, 2115/165/0 1:1:1, Inactive
1497999, 2047401165, 2115/165/0 1:1:1, Inactive
1498999, 2047401165, 2115/165/0 1:1:1, Inactive
1500000, 2047401165, 2115/165/0 1:1:1, Inactive
1500999, 2047401165, 2115/165/0 1:1:1, Inactive
1501999, 2047401165, 2115/165/0 1:1:1, Inactive
1502999, 2047401165, 2115/165/0 1:1:1, Inactive
1504000, 2047401165, 2115/165/0 1:1:1, Inactive
1504999, 2047401165, 2115/165/0 1:1:1, Inactive
1505999, 2047401165, 2115/165/0 1:1:1, Inactive
1506999, 2047401165, 2115/165/0 1:1:1, Inactive
1507999, 2047401165, 2115/165/0 1:1:1, Inactive
1508999, 2047401165, 2115/165/0 1:1:1, Inactive
1509999, 2047401165, 2115/165/0 1:1:1, Inactive
1510999, 2047401165, 2115/165/0 1:1:1, Inactive
1511999, 2047401165, 2115/165/0 1:1:1, Inactive
1512999, 2047401165, 2115/165/0 1:1:1, Inactive
1513999, 2047401165, 2115/165/0 1:1:1, Inactive
1514999, 2047401165, 2115/165/0 1:1:1, Inactive
1515999, 2047401165, 2115/165/0 1:1:1, Inactive
1516999, 2047401165, 2115/165/0 1:1:1, Inactive
1517999, 2047401165, 2115/165/0 1:1:1, Inactive
1518999, 2047401165, 2115/165/0 1:1:1, Inactive
1520000, 2047401165, 2115/165/0 1:1:1, Inactive
1520999, 2047401165, 2115/165/0 1:1:1, Inactive
1521999, 2047401165, 2115/165/0 1:1:1, Inactive
1522999, 2047401165, 2115/165/0 1:1:1, Inactive
1523999, 2047401165, 2115/165/0 1:1:1, Inactive
1525000, 2047401165, 2115/165/0 1:1:1, Inactive
1525999, 2047401165, 2115/165/0 1:1:1, Inactive
1526999, 2047401165, 2115/165/0 1:1:1, Inactive
1527999, 2047401165, 2115/165/0 1:1:1, Inactive
1528999, 2047401165, 2115/165/0 1:1:1, Inactive
1529999, 2047401165, 2115/165/0 1:1:1, Inactive
1530999, 2047401165, 2115/165/0 1:1:1, Inactive
1531999, 2047401165, 2115/165/0 1:1:1, Inactive
1532999, 2047401165, 2115/165/0 1:1:1, Inactive
1533999, 2047401165, 2115/165/0 1:1:1, Inactive
1534999, 2047401165, 2115/165/0 1:1:1, Inactive
1536000, 2047401165, 2115/165/0 1:1:1, Inactive
1536999, 2047401165, 2115/165/0 1:1:1, Inactive
1537999, 2047401165, 2115/165/0 1:1:1, Inactive
1538999, 2047401165, 2115/165/0 1:1:1, Inactive
1539998, 2047401165, 2115/165/0 1:1:1, Inactive
1540999, 2047401165, 2115/165/0 1:1:1, Inactive
1541999, 2047401165, 2115/165/0 1:1:1, Inactive
1543000, 2047401165, 2115/165/0 1:1:1, Inactive
1543999, 2047401165, 2115/165/0 1:1:1, Inactive
1545000, 2047401165, 2115/165/0 1:1:1, Inactive
1545999, 2047401165, 2115/165/0 1:1:1, Inactive
1546998, 2047401165, 2115/165/0 1:1:1, Inactive
1547999, 2047401165, 2115/165/0 1:1:1, Inactive
1548999, 2047401165, 2115/165/0 1:1:1, Inactive
1550000, 2047401165, 2115/165/0 1:1:1, Inactive
1550999, 2047401165, 2115/165/0 1:1:1, Inactive
1552000, 2047401165, 2115/165/0 1:1:1, Inactive
1552999, 2047401165, 2115/165/0 1:1:1, Inactive
1553999, 2047401165, 2115/165/0 1:1:1, Inactive
1554999, 2047401165, 2115/165/0 1:1:1, Inactive
1555998, 2047401165, 2115/165/0 1:1:1, Inactive
1556999, 2047401165, 2115/165/0 1:1:1, Inactive
1557999, 2047401165, 2115/165/0 1:1:1, Inactive
1559000, 2047401165, 2115/165/0 1:1:1, Inactive
1559999, 2047401165, 2115/165/0 1:1:1, Inactive
1560999, 2047401165, 2115/165/0 1:1:1, Inactive
1561999, 2047401165, 2115/165/0 1:1:1, Inactive
1562999, 2047401165, 2115/165/0 1:1:1, Inactive
1564000, 2047401165, 2115/165/0 1:1:1, Inactive
1564999, 2047401165, 2115/165/0 1:1:1, Inactive
1565999, 2047401165, 2115/165/0 1:1:1, Inactive
1566999, 2047401165, 2115/165/0 1:1:1, Inactive
1568000, 2047401165, 2115/165/0 1:1:1, Inactive
1568999, 2047401165, 2115/165/0 1:1:1, Inactive
1569999, 2047401165, 2115/165/0 1:1:1, Inactive
1570999, 2047401165, 2115/165/0 1:1:1, Inactive
1571999, 2047401165, 2115/165/0 1:1:1, Inactive
1572999, 2047401165, 2115/165/0 1:1:1, Inactive
1573999, 2047401165, 2115/165/0 1:1:1, Inactive
1574999, 2047401165, 2115/165/0 1:1:1, Inactive
1575999, 2047401165, 2115/165/0 1:1:1, Inactive
1576999, 2047401165, 2115/165/0 1:1:1, Inactive
1577999, 2047401165, 2115/165/0 1:1:1, Inactive
1578999, 2047401165, 2115/165/0 1:1:1, Inactive
1579999, 2047401165, 2115/165/0 1:1:1, Inactive
1580999, 2047401165, 2115/165/0 1:1:1, Inactive
1581999, 2047401165, 2115/165/0 1:1:1, Inactive
1582999, 2047401165, 2115/165/0 1:1:1, Inactive
1584000, 2047401165, 2115/165/0 1:1:1, Inactive
1584999, 2047401165, 2115/165/0 1:1:1, Inactive
1585999, 2047401165, 2115/165/0 1:1:1, Inactive
1586999, 2047401165, 2115/165/0 1:1:1, Inactive
1587999, 2047401165, 2115/165/0 1:1:1, Inactive
1588999, 2047401165, 2115/165/0 1:1:1, Inactive
1589999, 2047401165, 2115/165/0 1:1:1, Inactive
1590999, 2047401165, 2115/165/0 1:1:1, Inactive
1591999, 2047401165, 2115/165/0 1:1:1, Inactive
1592999, 2047401165, 2115/165/0 1:1:1, Inactive
1593999, 2047401165, 2115/165/0 1:1:1, Inactive
1594999, 2047401165, 2115/165/0 1:1:1, Inactive
1595999, 2047401165, 2115/165/0 1:1:1, Inactive
1596999, 2047401165, 2115/165/0 1:1:1, Inactive
1598000, 2047401165, 2115/165/0 1:1:1, Inactive
1598999, 2047401165, 2115/165/0 1:1:1, Inactive
1600000, 2047401165, 2115/165/0 1:1:1, Inactive
1600999, 2047401165, 2115/165/0 1:1:1, Inactive
1601999, 2047401165, 2115/165/0 1:1:1, Inactive
1602999, 2047401165, 2115/165/0 1:1:1, Inactive
1603999, 2047401165, 2115/165/0 1:1:1, Inactive
1605000, 2047401165, 2115/165/0 1:1:1, Inactive
1605999, 2047401165, 2115/165/0 1:1:1, Inactive
1606999, 2047401165, 2115/165/0 1:1:1, Inactive
1608000, 2047401165, 2115/165/0 1:1:1, Inactive
1608999, 2047401165, 2115/165/0 1:1:1, Inactive
1609998, 2047401165, 2115/165/0 1:1:1, Inactive
1610999, 2047401165, 2115/165/0 1:1:1, Inactive
1611999, 2047401165, 2115/165/0 1:1:1, Inactive
1612999, 2047401165, 2115/165/0 1:1:1, Inactive
1613999, 2047401165, 2115/165/0 1:1:1, Inactive
1614999, 2047401165, 2115/165/0 1:1:1, Inactive
1616000, 2047401165, 2115/165/0 1:1:1, Inactive
1616999, 2047401165, 2115/165/0 1:1:1, Inactive
1617999, 2047401165, 2115/165/0 1:1:1, Inactive
1618999, 2047401165, 2115/165/0 1:1:1, Inactive
1619999, 2047401165, 2115/165/0 1:1:1, Inactive
1620999, 2047401165, 2115/165/0 1:1:1, Inactive
1621999, 2047401165, 2115/165/0 1:1:1, Inactive
1623000, 2047401165, 2115/165/0 1:1:1, Inactive
1623999, 2047401165, 2115/165/0 1:1:1, Inactive
1624999, 2047401165, 2115/165/0 1:1:1, Inactive
1625999, 2047401165, 2115/165/0 1:1:1, Inactive
1626999, 2047401165, 2115/165/0 1:1:1, Inactive
1627999, 2047401165, 2115/165/0 1:1:1, Inactive
1628999, 2047401165, 2115/165/0 1:1:1, Inactive
1630000, 2047401165, 2115/165/0 1:1:1, Inactive
1630999, 2047401165, 2115/165/0 1:1:1, Inactive
1632000, 2047401165, 2115/165/0 1:1:1, Inactive
1632999, 2047401165, 2115/165/0 1:1:1, Inactive
1633999, 2047401165, 2115/165/0 1:1:1, Inactive
1634999, 2047401165, 2115/165/0 1:1:1, Inactive
1635999, 2047401165, 2115/165/0 1:1:1, Inactive
1636999, 2047401165, 2115/165/0 1:1:1, Inactive
1637999, 2047401165, 2115/165/0 1:1:1, Inactive
1639000, 2047401165, 2115/165/0 1:1:1, Inactive
1639999, 2047401165, 2115/165/0 1:1:1, Inactive
1640999, 2047401165, 2115/165/0 1:1:1, Inactive
1641999, 2047401165, 2115/165/0 1:1:1, Inactive
1642999, 2047401165, 2115/165/0 1:1:1, Inactive
1643999, 2047401165, 2115/165/0 1:1:1, Inactive
1644999, 2047401165, 2115/165/0 1:1:1, Inactive
1645999, 2047401165, 2115/165/0 1:1:1, Inactive
1646999, 2047401165, 2115/165/0 1:1:1, Inactive
1648000, 2047401165, 2115/165/0 1:1:1, Inactive
1648999, 2047401165, 2115/165/0 1:1:1, Inactive
1649999, 2047401165, 2115/165/0 1:1:1, Inactive
1650999, 2047401165, 2115/165/0 1:1:1, Inactive
1651999, 2047401165, 2115/165/0 1:1:1, Inactive
1652999, 2047401165, 2115/165/0 1:1:1, Inactive
1653999, 2047401165, 2115/165/0 1:1:1, Inactive
1655000, 2047401165, 2115/165/0 1:1:1, Inactive
1655999, 2047401165, 2115/165/0 1:1:1, Inactive
1656999, 2047401165, 2115/165/0 1:1:1, Inactive
1657999, 2047401165, 2115/165/0 1:1:1, Inactive
1658999, 2047401165, 2115/165/0 1:1:1, Active
1659999, 2047401165, 2115/165/0 1:1:1, Active
1660998, 2047401165, 2115/165/0 1:1:1, Active
1662000, 2047401165, 2115/165/0 1:1:1, Inactive
1662999, 2047401165, 2115/165/0 1:1:1, Inactive
1664000, 2047401165, 2115/165/0 1:1:1, Inactive
1664999, 2047401165, 2115/165/0 1:1:1, Inactive
1665999, 2047401165, 2115/165/0 1:1:1, Inactive
1666999, 2047401165, 2115/165/0 1:1:1, Inactive
1667999, 2047401165, 2115/165/0 1:1:1, Inactive
1668999, 2047401165, 2115/165/0 1:1:1, Inactive
1669999, 2047401165, 2115/165/0 1:1:1, Inactive
1670999, 2047401165, 2115/165/0 1:1:1, Inactive
1671999, 2047401165, 2115/165/0 1:1:1, Inactive
1672999, 2047401165, 2115/165/0 1:1:1, Inactive
1673999, 2047401165, 2115/165/0 1:1:1, Inactive
1674999, 2047401165, 2115/165/0 1:1:1, Inactive
1675999, 2047401165, 2115/165/0 1:1:1, Inactive
1676999, 2047401165, 2115/165/0 1:1:1, Active
1677999, 2047401165, 2115/165/0 1:1:1, Active
1678999, 2047401165, 2115/165/0 1:1:1, Active
1680000, 2047401165, 2115/165/0 1:1:1, Inactive
1680999, 2047401165, 2115/165/0 1:1:1, Inactive
1681999, 2047401165, 2115/165/0 1:1:1, Inactive
1682999, 2047401165, 2115/165/0 1:1:1, Inactive
1683999, 2047401165, 2115/165/0 1:1:1, Inactive
1684999, 2047401165, 2115/165/0 1:1:1, Inactive
1685999, 2047401165, 2115/165/0 1:1:1, Active
1687000, 2047401165, 2115/165/0 1:1:1, Active
1687999, 2047401165, 2115/165/0 1:1:1, Active
1688999, 2047401165, 2115/165/0 1:1:1, Inactive
1689999, 2047401165, 2115/165/0 1:1:1, Inactive
1690999, 2047401165, 2115/165/0 1:1:1, Inactive
1691999, 2047401165, 2115/165/0 1:1:1, Inactive
1692998, 2047401165, 2115/165/0 1:1:1, Inactive
1694000, 2047401165, 2115/165/0 1:1:1, Inactive
1694999, 2047401165, 2115/165/0 1:1:1, Inactive
1696000, 2047401165, 2115/165/0 1:1:1, Inactive
1696999, 2047401165, 2115/165/0 1:1:1, Inactive
1697999, 2047401165, 2115/165/0 1:1:1, Active
1698999, 2047401165, 2115/165/0 1:1:1, Active
1699999, 2047401165, 2115/165/0 1:1:1, Active
1700999, 2047401165, 2115/165/0 1:1:1, Inactive
1701999, 2047401165, 2115/165/0 1:1:1, Inactive
1703000, 2047401165, 2115/165/0 1:1:1, Inactive
1703999, 2047401165, 2115/165/0 1:1:1, Inactive
1704999, 2047401165, 2115/165/0 1:1:1, Inactive
1705999, 2047401165, 2115/165/0 1:1:1, Inactive
1706999, 2047401165, 2115/165/0 1:1:1, Inactive
1707999, 2047401165, 2115/165/0 1:1:1, Inactive
1708999, 2047401165, 2115/165/0 1:1:1, Inactive
1709999, 2047401165, 2115/165/0 1:1:1, Inactive
1710999, 2047401165, 2115/165/0 1:1:1, Inactive
1712000, 2047401165, 2115/165/0 1:1:1, Inactive
1712999, 2047401165, 2115/165/0 1:1:1, Inactive
1713999, 2047401165, 2115/165/0 1:1:1, Inactive
1714999, 2047401165, 2115/165/0 1:1:1, Inactive
1715999, 2047401165, 2115/165/0 1:1:1, Inactive
1716999, 2047401165, 2115/165/0 1:1:1, Inactive
1717998, 2047401165, 2115/165/0 1:1:1, Inactive
1718999, 2047401165, 2115/165/0 1:1:1, Inactive
1719999, 2047401165, 2115/165/0 1:1:1, Inactive
1720999, 2047401165, 2115/165/0 1:1:1, Inactive
1721999, 2047401165, 2115/165/0 1:1:1, Inactive
1722999, 2047401165, 2115/165/0 1:1:1, Inactive
1723999, 2047401165, 2115/165/0 1:1:1, Inactive
1724998, 2047401165, 2115/165/0 1:1:1, Inactive
1725999, 2047401165, 2115/165/0 1:1:1, Inactive
1726999, 2047401165, 2115/165/0 1:1:1, Inactive
1728000, 2047401165, 2115/165/0 1:1:1, Inactive
1728999, 2047401165, 2115/165/0 1:1:1, Inactive
1729999, 2047401165, 2115/165/0 1:1:1, Inactive
1730999, 2047401165, 2115/165/0 1:1:1, Inactive
1731999, 2047401165, 2115/165/0 1:1:1, Inactive
1732999, 2047401165, 2115/165/0 1:1:1, Inactive
1733999, 2047401165, 2115/165/0 1:1:1, Inactive
1735000, 2047401165, 2115/165/0 1:1:1, Inactive
1735999, 2047401165, 2115/165/0 1:1:1, Inactive
1736999, 2047401165, 2115/165/0 1:1:1, Inactive
1737999, 2047401165, 2115/165/0 1:1:1, Inactive
1738999, 2047401165, 2115/165/0 1:1:1, Inactive
1739999, 2047401165, 2115/165/0 1:1:1, Inactive
1740999, 2047401165, 2115/165/0 1:1:1, Inactive
1741999, 2047401165, 2115/165/0 1:1:1, Inactive
1742999, 2047401165, 2115/165/0 1:1:1, Inactive
1743998, 2047401165, 2115/165/0 1:1:1, Inactive
1744999, 2047401165, 2115/165/0 1:1:1, Inactive
1745999, 2047401165, 2115/165/0 1:1:1, Inactive
1746999, 2047401165, 2115/165/0 1:1:1, Inactive
1747999, 2047401165, 2115/165/0 1:1:1, Inactive
1749000, 2047401165, 2115/165/0 1:1:1, Inactive
1749999, 2047401165, 2115/165/0 1:1:1, Inactive
1750999, 2047401165, 2115/165/0 1:1:1, Inactive
1751999, 2047401165, 2115/165/0 1:1:1, Inactive
1752999, 2047401165, 2115/165/0 1:1:1, Inactive
1753999, 2047401165, 2115/165/0 1:1:1, Inactive
1754999, 2047401165, 2115/165/0 1:1:1, Inactive
1755998, 2047401165, 2115/165/0 1:1:1, Inactive
1756999, 2047401165, 2115/165/0 1:1:1, Inactive
1757999, 2047401165, 2115/165/0 1:1:1, Inactive
1758999, 2047401165, 2115/165/0 1:1:1, Inactive
1760000, 2047401165, 2115/165/0 1:1:1, Inactive
1760999, 2047401165, 2115/165/0 1:1:1, Inactive
1761999, 2047401165, 2115/165/0 1:1:1, Inactive
1762999, 2047401165, 2115/165/0 1:1:1, Inactive
1763999, 2047401165, 2115/165/0 1:1:1, Inactive
1764999, 2047401165, 2115/165/0 1:1:1, Inactive
1765998, 2047401165, 2115/165/0 1:1:1, Inactive
1767000, 2047401165, 2115/165/0 1:1:1, Inactive
1767999, 2047401165, 2115/165/0 1:1:1, Inactive
1768999, 2047401165, 2115/165/0 1:1:1, Inactive
1769999, 2047401165, 2115/165/0 1:1:1, Inactive
1770999, 2047401165, 2115/165/0 1:1:1, Inactive
1771999, 2047401165, 2115/165/0 1:1:1, Inactive
1772999, 2047401165, 2115/165/0 1:1:1, Inactive
1773999, 2047401165, 2115/165/0 1:1:1, Inactive
1774999, 2047401165, 2115/165/0 1:1:1, Inactive
1776000, 2047401165, 2115/165/0 1:1:1, Inactive
1776999, 2047401165, 2115/165/0 1:1:1, Inactive
1777999, 2047401165, 2115/165/0 1:1:1, Inactive
1778999, 2047401165, 2115/165/0 1:1:1, Inactive
1779999, 2047401165, 2115/165/0 1:1:1, Inactive
1780999, 2047401165, 2115/165/0 1:1:1, Inactive
1781999, 2047401165, 2115/165/0 1:1:1, Inactive
1782999, 2047401165, 2115/165/0 1:1:1, Active
1783999, 2047401165, 2115/165/0 1:1:1, Active
1784999, 2047401165, 2115/165/0 1:1:1, Active
1785999, 2047401165, 2115/165/0 1:1:1, Inactive
1786999, 2047401165, 2115/165/0 1:1:1, Inactive
1787999, 2047401165, 2115/165/0 1:1:1, Inactive
1788999, 2047401165, 2115/165/0 1:1:1, Inactive
1789999, 2047401165, 2115/165/0 1:1:1, Inactive
1790999, 2047401165, 2115/165/0 1:1:1, Inactive
1792000, 2047401165, 2115/165/0 1:1:1, Inactive
1792999, 2047401165, 2115/165/0 1:1:1, Inactive
1793999, 2047401165, 2115/165/0 1:1:1, Inactive
1794999, 2047401165, 2115/165/0 1:1:1, Inactive
1795999, 2047401165, 2115/165/0 1:1:1, Inactive
1797000, 2047401165, 2115/165/0 1:1:1, Inactive
1797999, 2047401165, 2115/165/0 1:1:1, Inactive
1798999, 2047401165, 2115/165/0 1:1:1, Inactive
1799999, 2047401165, 2115/165/0 1:1:1, Inactive
1800999, 2047401165, 2115/165/0 1:1:1, Inactive
1801999, 2047401165, 2115/165/0 1:1:1, Inactive
1802999, 2047401165, 2115/165/0 1:1:1, Inactive
1803999, 2047401165, 2115/165/0 1:1:1, Inactive
1804999, 2047401165, 2115/165/0 1:1:1, Inactive
1806000, 2047401165, 2115/165/0 1:1:1, Inactive
1806999, 2047401165, 2115/165/0 1:1:1, Inactive
1808000, 2047401165, 2115/165/0 1:1:1, Inactive
1808999, 2047401165, 2115/165/0 1:1:1, Inactive
1809999, 2047401165, 2115/165/0 1:1:1, Inactive
1810999, 2047401165, 2115/165/0 1:1:1, Inactive
1811999, 2047401165, 2115/165/0 1:1:1, Inactive
1813000, 2047401165, 2115/165/0 1:1:1, Inactive
1813999, 2047401165, 2115/165/0 1:1:1, Inactive
1814999, 2047401165, 2115/165/0 1:1:1, Inactive
1815999, 2047401165, 2115/165/0 1:1:1, Inactive
1816999, 2047401165, 2115/165/0 1:1:1, Inactive
1817998, 2047401165, 2115/165/0 1:1:1, Inactive
1818999, 2047401165, 2115/165/0 1:1:1, Inactive
1819999, 2047401165, 2115/165/0 1:1:1, Inactive
1820999, 2047401165, 2115/165/0 1:1:1, Inactive
1821999, 2047401165, 2115/165/0 1:1:1, Inactive
1822999, 2047401165, 2115/165/0 1:1:1, Inactive
1824000, 2047401165, 2115/165/0 1:1:1, Inactive
1824999, 2047401165, 2115/165/0 1:1:1, Inactive
1825999, 2047401165, 2115/165/0 1:1:1, Inactive
1826999, 2047401165, 2115/165/0 1:1:1, Inactive
1827999, 2047401165, 2115/165/0 1:1:1, Inactive
1829000, 2047401165, 2115/165/0 1:1:1, Inactive
1829999, 2047401165, 2115/165/0 1:1:1, Inactive
1830999, 2047401165, 2115/165/0 1:1:1, Inactive
1831999, 2047401165, 2115/165/0 1:1:1, Inactive
1832999, 2047401165, 2115/165/0 1:1:1, Inactive
1833999, 2047401165, 2115/165/0 1:1:1, Inactive
1834999, 2047401165, 2115/165/0 1:1:1, Inactive
1835999, 2047401165, 2115/165/0 1:1:1, Inactive
1836999, 2047401165, 2115/165/0 1:1:1, Inactive
1837999, 2047401165, 2115/165/0 1:1:1, Inactive
1838999, 2047401165, 2115/165/0 1:1:1, Inactive
1840000, 2047401165, 2115/165/0 1:1:1, Inactive
1840999, 2047401165, 2115/165/0 1:1:1, Inactive
1841999, 2047401165, 2115/165/0 1:1:1, Inactive
1842999, 2047401165, 2115/165/0 1:1:1, Inactive
1843999, 2047401165, 2115/165/0 1:1:1, Inactive
1844999, 2047401165, 2115/165/0 1:1:1, Inactive
1845999, 2047401165, 2115/165/0 1:1:1, Inactive
1846999, 2047401165, 2115/165/0 1:1:1, Inactive
1847999, 2047401165, 2115/165/0 1:1:1, Inactive
1848999, 2047401165, 2115/165/0 1:1:1, Inactive
1849999, 2047401165, 2115/165/0 1:1:1, Inactive
1850999, 2047401165, 2115/165/0 1:1:1, Inactive
1851999, 2047401165, 2115/165/0 1:1:1, Inactive
1852999, 2047401165, 2115/165/0 1:1:1, Inactive
1854000, 2047401165, 2115/165/0 1:1:1, Inactive
1854999, 2047401165, 2115/165/0 1:1:1, Inactive
1856000, 2047401165, 2115/165/0 1:1:1, Inactive
1856999, 2047401165, 2115/165/0 1:1:1, Inactive
1857999, 2047401165, 2115/165/0 1:1:1, Inactive
1858999, 2047401165, 2115/165/0 1:1:1, Inactive
1859999, 2047401165, 2115/165/0 1:1:1, Inactive
1860999, 2047401165, 2115/165/0 1:1:1, Inactive
1861999, 2047401165, 2115/165/0 1:1:1, Inactive
1862999, 2047401165, 2115/165/0 1:1:1, Inactive
1863999, 2047401165, 2115/165/0 1:1:1, Inactive
1864999, 2047401165, 2115/165/0 1:1:1, Inactive
1865999, 2047401165, 2115/165/0 1:1:1, Inactive
1866999, 2047401165, 2115/165/0 1:1:1, Inactive
1867999, 2047401165, 2115/165/0 1:1:1, Inactive
1868999, 2047401165, 2115/165/0 1:1:1, Inactive
1869999, 2047401165, 2115/165/0 1:1:1, Inactive
1870998, 2047401165, 2115/165/0 1:1:1, Inactive
1872000, 2047401165, 2115/165/0 1:1:1, Inactive
1872999, 2047401165, 2115/165/0 1:1:1, Inactive
1873999, 2047401165, 2115/165/0 1:1:1, Inactive
1874999, 2047401165, 2115/165/0 1:1:1, Inactive
1875999, 2047401165, 2115/165/0 1:1:1, Inactive
1877000, 2047401165, 2115/165/0 1:1:1, Inactive
1877999, 2047401165, 2115/165/0 1:1:1, Inactive
1878999, 2047401165, 2115/165/0 1:1:1, Inactive
1879999, 2047401165, 2115/165/0 1:1:1, Inactive
1880999, 2047401165, 2115/165/0 1:1:1, Inactive
1881999, 2047401165, 2115/165/0 1:1:1, Inactive
1882999, 2047401165, 2115/165/0 1:1:1, Inactive
1883999, 2047401165, 2115/165/0 1:1:1, Inactive
1884999, 2047401165, 2115/165/0 1:1:1, Inactive
1886000, 2047401165, 2115/165/0 1:1:1, Inactive
1886999, 2047401165, 2115/165/0 1:1:1, Inactive
1888000, 2047401165, 2115/165/0 1:1:1, Inactive
1888999, 2047401165, 2115/165/0 1:1:1, Inactive
1889999, 2047401165, 2115/165/0 1:1:1, Inactive
1890999, 2047401165, 2115/165/0 1:1:1, Inactive
1891999, 2047401165, 2115/165/0 1:1:1, Inactive
1892999, 2047401165, 2115/165/0 1:1:1, Inactive
1893999, 2047401165, 2115/165/0 1:1:1, Inactive
1894999, 2047401165, 2115/165/0 1:1:1, Inactive
1895999, 2047401165, 2115/165/0 1:1:1, Inactive
1896999, 2047401165, 2115/165/0 1:1:1, Inactive
1897999, 2047401165, 2115/165/0 1:1:1, Inactive
1898999, 2047401165, 2115/165/0 1:1:1, Inactive
1900000, 2047401165, 2115/165/0 1:1:1, Inactive
1900999, 2047401165, 2115/165/0 1:1:1, Inactive
1901999, 2047401165, 2115/165/0 1:1:1, Inactive
1902999, 2047401165, 2115/165/0 1:1:1, Inactive
1904000, 2047401165, 2115/165/0 1:1:1, Inactive
1904999, 2047401165, 2115/165/0 1:1:1, Inactive
1905999, 2047401165, 2115/165/0 1:1:1, Inactive
1906999, 2047401165, 2115/165/0 1:1:1, Inactive
1907999, 2047401165, 2115/165/0 1:1:1, Inactive
1908999, 2047401165, 2115/165/0 1:1:1, Inactive
1909999, 2047401165, 2115/165/0 1:1:1, Inactive
1910999, 2047401165, 2115/165/0 1:1:1, Inactive
1911999, 2047401165, 2115/165/0 1:1:1, Inactive
1912999, 2047401165, 2115/165/0 1:1:1, Inactive
1913999, 2047401165, 2115/165/0 1:1:1, Inactive
1914999, 2047401165, 2115/165/0 1:1:1, Inactive
1915999, 2047401165, 2115/165/0 1:1:1, Inactive
1916999, 2047401165, 2115/165/0 1:1:1, Inactive
1917999, 2047401165, 2115/165/0 1:1:1, Inactive
1918998, 2047401165, 2115/165/0 1:1:1, Inactive
1920000, 2047401165, 2115/165/0 1:1:1, Inactive
1920999, 2047401165, 2115/165/0 1:1:1, Inactive
1921999, 2047401165, 2115/165/0 1:1:1, Inactive
1922999, 2047401165, 2115/165/0 1:1:1, Inactive
1923999, 2047401165, 2115/165/0 1:1:1, Inactive
1924999, 2047401165, 2115/165/0 1:1:1, Inactive
1925999, 2047401165, 2115/165/0 1:1:1, Inactive
1927000, 2047401165, 2115/165/0 1:1:1, Inactive
1927999, 2047401165, 2115/165/0 1:1:1, Inactive
1928999, 2047401165, 2115/165/0 1:1:1, Inactive
1929999, 2047401165, 2115/165/0 1:1:1, Inactive
1930999, 2047401165, 2115/165/0 1:1:1, Inactive
1931999, 2047401165, 2115/165/0 1:1:1, Inactive
1932998, 2047401165, 2115/165/0 1:1:1, Inactive
1934000, 2047401165, 2115/165/0 1:1:1, Inactive
1934999, 2047401165, 2115/165/0 1:1:1, Inactive
1936000, 2047401165, 2115/165/0 1:1:1, Inactive
1936999, 2047401165, 2115/165/0 1:1:1, Inactive
1937999, 2047401165, 2115/165/0 1:1:1, Inactive
1938999, 2047401165, 2115/165/0 1:1:1, Inactive
1939999, 2047401165, 2115/165/0 1:1:1, Inactive
1940999, 2047401165, 2115/165/0 1:1:1, Inactive
1941999, 2047401165, 2115/165/0 1:1:1, Inactive
1942999, 2047401165, 2115/165/0 1:1:1, Inactive
1943999, 2047401165, 2115/165/0 1:1:1, Inactive
1944999, 2047401165, 2115/165/0 1:1:1, Inactive
1945999, 2047401165, 2115/165/0 1:1:1, Inactive
1946999, 2047401165, 2115/165/0 1:1:1, Inactive
1947999, 2047401165, 2115/165/0 1:1:1, Inactive
1948999, 2047401165, 2115/165/0 1:1:1, Inactive
1949999, 2047401165, 2115/165/0 1:1:1, Inactive
1950999, 2047401165, 2115/165/0 1:1:1, Inactive
1952000, 2047401165, 2115/165/0 1:1:1, Inactive
1952999, 2047401165, 2115/165/0 1:1:1, Inactive
1953998, 2047401165, 2115/165/0 1:1:1, Inactive
1954999, 2047401165, 2115/165/0 1:1:1, Inactive
1955999, 2047401165, 2115/165/0 1:1:1, Inactive
1957000, 2047401165, 2115/165/0 1:1:1, Inactive
1957999, 2047401165, 2115/165/0 1:1:1, Inactive
1958999, 2047401165, 2115/165/0 1:1:1, Inactive
1959999, 2047401165, 2115/165/0 1:1:1, Inactive
1960999, 2047401165, 2115/165/0 1:1:1, Inactive
1961999, 2047401165, 2115/165/0 1:1:1, Inactive
1962999, 2047401165, 2115/165/0 1:1:1, Inactive
1963999, 2047401165, 2115/165/0 1:1:1, Inactive
1964998, 2047401165, 2115/165/0 1:1:1, Inactive
1966000, 2047401165, 2115/165/0 1:1:1, Inactive
1966999, 2047401165, 2115/165/0 1:1:1, Inactive
1968000, 2047401165, 2115/165/0 1:1:1, Inactive
1968999, 2047401165, 2115/165/0 1:1:1, Inactive
1969999, 2047401165, 2115/165/0 1:1:1, Inactive
1970999, 2047401165, 2115/165/0 1:1:1, Inactive
1971999, 2047401165, 2115/165/0 1:1:1, Inactive
1972999, 2047401165, 2115/165/0 1:1:1, Inactive
1973999, 2047401165, 2115/165/0 1:1:1, Inactive
1975000, 2047401165, 2115/165/0 1:1:1, Inactive
1975999, 2047401165, 2115/165/0 1:1:1, Inactive
1976999, 2047401165, 2115/165/0 1:1:1, Inactive
1977999, 2047401165, 2115/165/0 1:1:1, Inactive
1978999, 2047401165, 2115/165/0 1:1:1, Inactive
1979999, 2047401165, 2115/165/0 1:1:1, Inactive
1980999, 2047401165, 2115/165/0 1:1:1, Inactive
1981999, 2047401165, 2115/165/0 1:1:1, Inactive
1982999, 2047401165, 2115/165/0 1:1:1, Inactive
1984000, 2047401165, 2115/165/0 1:1:1, Inactive
1984999, 2047401165, 2115/165/0 1:1:1, Inactive
1985999, 2047401165, 2115/165/0 1:1:1, Inactive
1986999, 2047401165, 2115/165/0 1:1:1, Inactive
1987999, 2047401165, 2115/165/0 1:1:1, Inactive
1988999, 2047401165, 2115/165/0 1:1:1, Inactive
1989999, 2047401165, 2115/165/0 1:1:1, Inactive
1991000, 2047401165, 2115/165/0 1:1:1, Inactive
1991999, 2047401165, 2115/165/0 1:1:1, Inactive
1992999, 2047401165, 2115/165/0 1:1:1, Inactive
1993999, 2047401165, 2115/165/0 1:1:1, Inactive
1994999, 2047401165, 2115/165/0 1:1:1, Inactive
1996000, 2047401165, 2115/165/0 1:1:1, Inactive
1996999, 2047401165, 2115/165/0 1:1:1, Inactive
1997999, 2047401165, 2115/165/0 1:1:1, Inactive
1998999, 2047401165, 2115/165/0 1:1:1, Inactive
2000000, 2047401165, 2115/165/0 1:1:1, Inactive
2000999, 2047401165, 2115/165/0 1:1:1, Inactive
2001999, 2047401165, 2115/165/0 1:1:1, Inactive
2002999, 2047401165, 2115/165/0 1:1:1, Inactive
2003999, 2047401165, 2115/165/0 1:1:1, Inactive
2004999, 2047401165, 2115/165/0 1:1:1, Inactive
2005998, 2047401165, 2115/165/0 1:1:1, Inactive
2007000, 2047401165, 2115/165/0 1:1:1, Inactive
2007999, 2047401165, 2115/165/0 1:1:1, Inactive
2008999, 2047401165, 2115/165/0 1:1:1, Active
